,car_I,num_agents,num_samples,frac_car_I,frac_agents_samples,frac_samples_agents
0,3.0,3.0,3.0,1.0,1.0,1.0
1,1.0,3.0,3.0,0.3333333333333333,1.0,1.0
2,3.0,3.0,3.0,1.0,1.0,1.0
3,3.0,3.0,3.0,1.0,1.0,1.0
4,3.0,3.0,3.0,1.0,1.0,1.0
5,3.0,3.0,3.0,1.0,1.0,1.0
6,3.0,3.0,3.0,1.0,1.0,1.0
7,3.0,3.0,3.0,1.0,1.0,1.0
8,3.0,3.0,3.0,1.0,1.0,1.0
9,3.0,3.0,3.0,1.0,1.0,1.0
10,9.0,9.0,3.0,1.0,3.0,0.3333333333333333
11,9.0,9.0,3.0,1.0,3.0,0.3333333333333333
12,9.0,9.0,3.0,1.0,3.0,0.3333333333333333
13,9.0,9.0,3.0,1.0,3.0,0.3333333333333333
14,9.0,9.0,3.0,1.0,3.0,0.3333333333333333
15,9.0,9.0,3.0,1.0,3.0,0.3333333333333333
16,9.0,9.0,3.0,1.0,3.0,0.3333333333333333
17,9.0,9.0,3.0,1.0,3.0,0.3333333333333333
18,9.0,9.0,3.0,1.0,3.0,0.3333333333333333
19,9.0,9.0,3.0,1.0,3.0,0.3333333333333333
20,15.0,15.0,3.0,1.0,5.0,0.2
21,15.0,15.0,3.0,1.0,5.0,0.2
22,15.0,15.0,3.0,1.0,5.0,0.2
23,15.0,15.0,3.0,1.0,5.0,0.2
24,15.0,15.0,3.0,1.0,5.0,0.2
25,15.0,15.0,3.0,1.0,5.0,0.2
26,15.0,15.0,3.0,1.0,5.0,0.2
27,15.0,15.0,3.0,1.0,5.0,0.2
28,15.0,15.0,3.0,1.0,5.0,0.2
29,15.0,15.0,3.0,1.0,5.0,0.2
30,1.0,21.0,3.0,0.047619047619047616,7.0,0.14285714285714285
31,21.0,21.0,3.0,1.0,7.0,0.14285714285714285
32,21.0,21.0,3.0,1.0,7.0,0.14285714285714285
33,21.0,21.0,3.0,1.0,7.0,0.14285714285714285
34,21.0,21.0,3.0,1.0,7.0,0.14285714285714285
35,21.0,21.0,3.0,1.0,7.0,0.14285714285714285
36,21.0,21.0,3.0,1.0,7.0,0.14285714285714285
37,21.0,21.0,3.0,1.0,7.0,0.14285714285714285
38,21.0,21.0,3.0,1.0,7.0,0.14285714285714285
39,21.0,21.0,3.0,1.0,7.0,0.14285714285714285
40,1.0,27.0,3.0,0.037037037037037035,9.0,0.1111111111111111
41,27.0,27.0,3.0,1.0,9.0,0.1111111111111111
42,1.0,27.0,3.0,0.037037037037037035,9.0,0.1111111111111111
43,27.0,27.0,3.0,1.0,9.0,0.1111111111111111
44,27.0,27.0,3.0,1.0,9.0,0.1111111111111111
45,27.0,27.0,3.0,1.0,9.0,0.1111111111111111
46,27.0,27.0,3.0,1.0,9.0,0.1111111111111111
47,27.0,27.0,3.0,1.0,9.0,0.1111111111111111
48,27.0,27.0,3.0,1.0,9.0,0.1111111111111111
49,27.0,27.0,3.0,1.0,9.0,0.1111111111111111
50,33.0,33.0,3.0,1.0,11.0,0.09090909090909091
51,33.0,33.0,3.0,1.0,11.0,0.09090909090909091
52,33.0,33.0,3.0,1.0,11.0,0.09090909090909091
53,33.0,33.0,3.0,1.0,11.0,0.09090909090909091
54,33.0,33.0,3.0,1.0,11.0,0.09090909090909091
55,33.0,33.0,3.0,1.0,11.0,0.09090909090909091
56,1.0,33.0,3.0,0.030303030303030304,11.0,0.09090909090909091
57,33.0,33.0,3.0,1.0,11.0,0.09090909090909091
58,33.0,33.0,3.0,1.0,11.0,0.09090909090909091
59,33.0,33.0,3.0,1.0,11.0,0.09090909090909091
60,39.0,39.0,3.0,1.0,13.0,0.07692307692307693
61,1.0,39.0,3.0,0.02564102564102564,13.0,0.07692307692307693
62,38.0,39.0,3.0,0.9743589743589743,13.0,0.07692307692307693
63,39.0,39.0,3.0,1.0,13.0,0.07692307692307693
64,35.0,39.0,3.0,0.8974358974358975,13.0,0.07692307692307693
65,39.0,39.0,3.0,1.0,13.0,0.07692307692307693
66,39.0,39.0,3.0,1.0,13.0,0.07692307692307693
67,39.0,39.0,3.0,1.0,13.0,0.07692307692307693
68,39.0,39.0,3.0,1.0,13.0,0.07692307692307693
69,38.0,39.0,3.0,0.9743589743589743,13.0,0.07692307692307693
70,1.0,45.0,3.0,0.022222222222222223,15.0,0.06666666666666667
71,1.0,45.0,3.0,0.022222222222222223,15.0,0.06666666666666667
72,45.0,45.0,3.0,1.0,15.0,0.06666666666666667
73,1.0,45.0,3.0,0.022222222222222223,15.0,0.06666666666666667
74,1.0,45.0,3.0,0.022222222222222223,15.0,0.06666666666666667
75,1.0,45.0,3.0,0.022222222222222223,15.0,0.06666666666666667
76,2.0,45.0,3.0,0.044444444444444446,15.0,0.06666666666666667
77,1.0,45.0,3.0,0.022222222222222223,15.0,0.06666666666666667
78,21.0,45.0,3.0,0.4666666666666667,15.0,0.06666666666666667
79,1.0,45.0,3.0,0.022222222222222223,15.0,0.06666666666666667
80,1.0,51.0,3.0,0.0196078431372549,17.0,0.058823529411764705
81,1.0,51.0,3.0,0.0196078431372549,17.0,0.058823529411764705
82,4.0,51.0,3.0,0.0784313725490196,17.0,0.058823529411764705
83,1.0,51.0,3.0,0.0196078431372549,17.0,0.058823529411764705
84,1.0,51.0,3.0,0.0196078431372549,17.0,0.058823529411764705
85,51.0,51.0,3.0,1.0,17.0,0.058823529411764705
86,1.0,51.0,3.0,0.0196078431372549,17.0,0.058823529411764705
87,1.0,51.0,3.0,0.0196078431372549,17.0,0.058823529411764705
88,2.0,51.0,3.0,0.0392156862745098,17.0,0.058823529411764705
89,1.0,51.0,3.0,0.0196078431372549,17.0,0.058823529411764705
90,5.0,60.0,3.0,0.08333333333333333,20.0,0.05
91,2.0,60.0,3.0,0.03333333333333333,20.0,0.05
92,1.0,60.0,3.0,0.016666666666666666,20.0,0.05
93,1.0,60.0,3.0,0.016666666666666666,20.0,0.05
94,60.0,60.0,3.0,1.0,20.0,0.05
95,1.0,60.0,3.0,0.016666666666666666,20.0,0.05
96,1.0,60.0,3.0,0.016666666666666666,20.0,0.05
97,1.0,60.0,3.0,0.016666666666666666,20.0,0.05
98,1.0,60.0,3.0,0.016666666666666666,20.0,0.05
99,1.0,60.0,3.0,0.016666666666666666,20.0,0.05
100,4.0,4.0,4.0,1.0,1.0,1.0
101,4.0,4.0,4.0,1.0,1.0,1.0
102,4.0,4.0,4.0,1.0,1.0,1.0
103,4.0,4.0,4.0,1.0,1.0,1.0
104,4.0,4.0,4.0,1.0,1.0,1.0
105,4.0,4.0,4.0,1.0,1.0,1.0
106,4.0,4.0,4.0,1.0,1.0,1.0
107,4.0,4.0,4.0,1.0,1.0,1.0
108,4.0,4.0,4.0,1.0,1.0,1.0
109,4.0,4.0,4.0,1.0,1.0,1.0
110,12.0,12.0,4.0,1.0,3.0,0.3333333333333333
111,12.0,12.0,4.0,1.0,3.0,0.3333333333333333
112,12.0,12.0,4.0,1.0,3.0,0.3333333333333333
113,12.0,12.0,4.0,1.0,3.0,0.3333333333333333
114,12.0,12.0,4.0,1.0,3.0,0.3333333333333333
115,12.0,12.0,4.0,1.0,3.0,0.3333333333333333
116,12.0,12.0,4.0,1.0,3.0,0.3333333333333333
117,12.0,12.0,4.0,1.0,3.0,0.3333333333333333
118,12.0,12.0,4.0,1.0,3.0,0.3333333333333333
119,12.0,12.0,4.0,1.0,3.0,0.3333333333333333
120,20.0,20.0,4.0,1.0,5.0,0.2
121,20.0,20.0,4.0,1.0,5.0,0.2
122,20.0,20.0,4.0,1.0,5.0,0.2
123,20.0,20.0,4.0,1.0,5.0,0.2
124,20.0,20.0,4.0,1.0,5.0,0.2
125,20.0,20.0,4.0,1.0,5.0,0.2
126,20.0,20.0,4.0,1.0,5.0,0.2
127,20.0,20.0,4.0,1.0,5.0,0.2
128,20.0,20.0,4.0,1.0,5.0,0.2
129,20.0,20.0,4.0,1.0,5.0,0.2
130,28.0,28.0,4.0,1.0,7.0,0.14285714285714285
131,28.0,28.0,4.0,1.0,7.0,0.14285714285714285
132,28.0,28.0,4.0,1.0,7.0,0.14285714285714285
133,27.0,28.0,4.0,0.9642857142857143,7.0,0.14285714285714285
134,28.0,28.0,4.0,1.0,7.0,0.14285714285714285
135,28.0,28.0,4.0,1.0,7.0,0.14285714285714285
136,28.0,28.0,4.0,1.0,7.0,0.14285714285714285
137,28.0,28.0,4.0,1.0,7.0,0.14285714285714285
138,28.0,28.0,4.0,1.0,7.0,0.14285714285714285
139,28.0,28.0,4.0,1.0,7.0,0.14285714285714285
140,36.0,36.0,4.0,1.0,9.0,0.1111111111111111
141,36.0,36.0,4.0,1.0,9.0,0.1111111111111111
142,36.0,36.0,4.0,1.0,9.0,0.1111111111111111
143,34.0,36.0,4.0,0.9444444444444444,9.0,0.1111111111111111
144,36.0,36.0,4.0,1.0,9.0,0.1111111111111111
145,36.0,36.0,4.0,1.0,9.0,0.1111111111111111
146,17.0,36.0,4.0,0.4722222222222222,9.0,0.1111111111111111
147,36.0,36.0,4.0,1.0,9.0,0.1111111111111111
148,36.0,36.0,4.0,1.0,9.0,0.1111111111111111
149,36.0,36.0,4.0,1.0,9.0,0.1111111111111111
150,44.0,44.0,4.0,1.0,11.0,0.09090909090909091
151,3.0,44.0,4.0,0.06818181818181818,11.0,0.09090909090909091
152,44.0,44.0,4.0,1.0,11.0,0.09090909090909091
153,44.0,44.0,4.0,1.0,11.0,0.09090909090909091
154,44.0,44.0,4.0,1.0,11.0,0.09090909090909091
155,44.0,44.0,4.0,1.0,11.0,0.09090909090909091
156,44.0,44.0,4.0,1.0,11.0,0.09090909090909091
157,3.0,44.0,4.0,0.06818181818181818,11.0,0.09090909090909091
158,6.0,44.0,4.0,0.13636363636363635,11.0,0.09090909090909091
159,44.0,44.0,4.0,1.0,11.0,0.09090909090909091
160,1.0,52.0,4.0,0.019230769230769232,13.0,0.07692307692307693
161,5.0,52.0,4.0,0.09615384615384616,13.0,0.07692307692307693
162,52.0,52.0,4.0,1.0,13.0,0.07692307692307693
163,52.0,52.0,4.0,1.0,13.0,0.07692307692307693
164,1.0,52.0,4.0,0.019230769230769232,13.0,0.07692307692307693
165,1.0,52.0,4.0,0.019230769230769232,13.0,0.07692307692307693
166,1.0,52.0,4.0,0.019230769230769232,13.0,0.07692307692307693
167,1.0,52.0,4.0,0.019230769230769232,13.0,0.07692307692307693
168,38.0,52.0,4.0,0.7307692307692307,13.0,0.07692307692307693
169,1.0,52.0,4.0,0.019230769230769232,13.0,0.07692307692307693
170,8.0,60.0,4.0,0.13333333333333333,15.0,0.06666666666666667
171,60.0,60.0,4.0,1.0,15.0,0.06666666666666667
172,60.0,60.0,4.0,1.0,15.0,0.06666666666666667
173,1.0,60.0,4.0,0.016666666666666666,15.0,0.06666666666666667
174,3.0,60.0,4.0,0.05,15.0,0.06666666666666667
175,1.0,60.0,4.0,0.016666666666666666,15.0,0.06666666666666667
176,1.0,60.0,4.0,0.016666666666666666,15.0,0.06666666666666667
177,1.0,60.0,4.0,0.016666666666666666,15.0,0.06666666666666667
178,1.0,60.0,4.0,0.016666666666666666,15.0,0.06666666666666667
179,26.0,60.0,4.0,0.43333333333333335,15.0,0.06666666666666667
180,3.0,68.0,4.0,0.04411764705882353,17.0,0.058823529411764705
181,1.0,68.0,4.0,0.014705882352941176,17.0,0.058823529411764705
182,1.0,68.0,4.0,0.014705882352941176,17.0,0.058823529411764705
183,68.0,68.0,4.0,1.0,17.0,0.058823529411764705
184,1.0,68.0,4.0,0.014705882352941176,17.0,0.058823529411764705
185,66.0,68.0,4.0,0.9705882352941176,17.0,0.058823529411764705
186,1.0,68.0,4.0,0.014705882352941176,17.0,0.058823529411764705
187,3.0,68.0,4.0,0.04411764705882353,17.0,0.058823529411764705
188,1.0,68.0,4.0,0.014705882352941176,17.0,0.058823529411764705
189,1.0,68.0,4.0,0.014705882352941176,17.0,0.058823529411764705
190,1.0,80.0,4.0,0.0125,20.0,0.05
191,1.0,80.0,4.0,0.0125,20.0,0.05
192,1.0,80.0,4.0,0.0125,20.0,0.05
193,1.0,80.0,4.0,0.0125,20.0,0.05
194,3.0,80.0,4.0,0.0375,20.0,0.05
195,1.0,80.0,4.0,0.0125,20.0,0.05
196,6.0,80.0,4.0,0.075,20.0,0.05
197,2.0,80.0,4.0,0.025,20.0,0.05
198,1.0,80.0,4.0,0.0125,20.0,0.05
199,1.0,80.0,4.0,0.0125,20.0,0.05
200,5.0,5.0,5.0,1.0,1.0,1.0
201,5.0,5.0,5.0,1.0,1.0,1.0
202,5.0,5.0,5.0,1.0,1.0,1.0
203,5.0,5.0,5.0,1.0,1.0,1.0
204,5.0,5.0,5.0,1.0,1.0,1.0
205,5.0,5.0,5.0,1.0,1.0,1.0
206,5.0,5.0,5.0,1.0,1.0,1.0
207,5.0,5.0,5.0,1.0,1.0,1.0
208,5.0,5.0,5.0,1.0,1.0,1.0
209,5.0,5.0,5.0,1.0,1.0,1.0
210,15.0,15.0,5.0,1.0,3.0,0.3333333333333333
211,15.0,15.0,5.0,1.0,3.0,0.3333333333333333
212,15.0,15.0,5.0,1.0,3.0,0.3333333333333333
213,15.0,15.0,5.0,1.0,3.0,0.3333333333333333
214,15.0,15.0,5.0,1.0,3.0,0.3333333333333333
215,15.0,15.0,5.0,1.0,3.0,0.3333333333333333
216,15.0,15.0,5.0,1.0,3.0,0.3333333333333333
217,15.0,15.0,5.0,1.0,3.0,0.3333333333333333
218,15.0,15.0,5.0,1.0,3.0,0.3333333333333333
219,15.0,15.0,5.0,1.0,3.0,0.3333333333333333
220,25.0,25.0,5.0,1.0,5.0,0.2
221,25.0,25.0,5.0,1.0,5.0,0.2
222,25.0,25.0,5.0,1.0,5.0,0.2
223,25.0,25.0,5.0,1.0,5.0,0.2
224,25.0,25.0,5.0,1.0,5.0,0.2
225,25.0,25.0,5.0,1.0,5.0,0.2
226,25.0,25.0,5.0,1.0,5.0,0.2
227,25.0,25.0,5.0,1.0,5.0,0.2
228,25.0,25.0,5.0,1.0,5.0,0.2
229,25.0,25.0,5.0,1.0,5.0,0.2
230,35.0,35.0,5.0,1.0,7.0,0.14285714285714285
231,35.0,35.0,5.0,1.0,7.0,0.14285714285714285
232,35.0,35.0,5.0,1.0,7.0,0.14285714285714285
233,35.0,35.0,5.0,1.0,7.0,0.14285714285714285
234,35.0,35.0,5.0,1.0,7.0,0.14285714285714285
235,35.0,35.0,5.0,1.0,7.0,0.14285714285714285
236,35.0,35.0,5.0,1.0,7.0,0.14285714285714285
237,35.0,35.0,5.0,1.0,7.0,0.14285714285714285
238,35.0,35.0,5.0,1.0,7.0,0.14285714285714285
239,35.0,35.0,5.0,1.0,7.0,0.14285714285714285
240,2.0,45.0,5.0,0.044444444444444446,9.0,0.1111111111111111
241,45.0,45.0,5.0,1.0,9.0,0.1111111111111111
242,45.0,45.0,5.0,1.0,9.0,0.1111111111111111
243,1.0,45.0,5.0,0.022222222222222223,9.0,0.1111111111111111
244,1.0,45.0,5.0,0.022222222222222223,9.0,0.1111111111111111
245,45.0,45.0,5.0,1.0,9.0,0.1111111111111111
246,45.0,45.0,5.0,1.0,9.0,0.1111111111111111
247,45.0,45.0,5.0,1.0,9.0,0.1111111111111111
248,43.0,45.0,5.0,0.9555555555555556,9.0,0.1111111111111111
249,43.0,45.0,5.0,0.9555555555555556,9.0,0.1111111111111111
250,41.0,55.0,5.0,0.7454545454545455,11.0,0.09090909090909091
251,1.0,55.0,5.0,0.01818181818181818,11.0,0.09090909090909091
252,2.0,55.0,5.0,0.03636363636363636,11.0,0.09090909090909091
253,55.0,55.0,5.0,1.0,11.0,0.09090909090909091
254,3.0,55.0,5.0,0.05454545454545454,11.0,0.09090909090909091
255,2.0,55.0,5.0,0.03636363636363636,11.0,0.09090909090909091
256,1.0,55.0,5.0,0.01818181818181818,11.0,0.09090909090909091
257,9.0,55.0,5.0,0.16363636363636364,11.0,0.09090909090909091
258,29.0,55.0,5.0,0.5272727272727272,11.0,0.09090909090909091
259,55.0,55.0,5.0,1.0,11.0,0.09090909090909091
260,45.0,65.0,5.0,0.6923076923076923,13.0,0.07692307692307693
261,1.0,65.0,5.0,0.015384615384615385,13.0,0.07692307692307693
262,2.0,65.0,5.0,0.03076923076923077,13.0,0.07692307692307693
263,3.0,65.0,5.0,0.046153846153846156,13.0,0.07692307692307693
264,1.0,65.0,5.0,0.015384615384615385,13.0,0.07692307692307693
265,1.0,65.0,5.0,0.015384615384615385,13.0,0.07692307692307693
266,1.0,65.0,5.0,0.015384615384615385,13.0,0.07692307692307693
267,4.0,65.0,5.0,0.06153846153846154,13.0,0.07692307692307693
268,8.0,65.0,5.0,0.12307692307692308,13.0,0.07692307692307693
269,3.0,65.0,5.0,0.046153846153846156,13.0,0.07692307692307693
270,2.0,75.0,5.0,0.02666666666666667,15.0,0.06666666666666667
271,14.0,75.0,5.0,0.18666666666666668,15.0,0.06666666666666667
272,2.0,75.0,5.0,0.02666666666666667,15.0,0.06666666666666667
273,6.0,75.0,5.0,0.08,15.0,0.06666666666666667
274,8.0,75.0,5.0,0.10666666666666667,15.0,0.06666666666666667
275,4.0,75.0,5.0,0.05333333333333334,15.0,0.06666666666666667
276,5.0,75.0,5.0,0.06666666666666667,15.0,0.06666666666666667
277,70.0,75.0,5.0,0.9333333333333333,15.0,0.06666666666666667
278,1.0,75.0,5.0,0.013333333333333334,15.0,0.06666666666666667
279,2.0,75.0,5.0,0.02666666666666667,15.0,0.06666666666666667
280,12.0,85.0,5.0,0.1411764705882353,17.0,0.058823529411764705
281,1.0,85.0,5.0,0.011764705882352941,17.0,0.058823529411764705
282,1.0,85.0,5.0,0.011764705882352941,17.0,0.058823529411764705
283,1.0,85.0,5.0,0.011764705882352941,17.0,0.058823529411764705
284,2.0,85.0,5.0,0.023529411764705882,17.0,0.058823529411764705
285,2.0,85.0,5.0,0.023529411764705882,17.0,0.058823529411764705
286,1.0,85.0,5.0,0.011764705882352941,17.0,0.058823529411764705
287,1.0,85.0,5.0,0.011764705882352941,17.0,0.058823529411764705
288,1.0,85.0,5.0,0.011764705882352941,17.0,0.058823529411764705
289,1.0,85.0,5.0,0.011764705882352941,17.0,0.058823529411764705
290,1.0,100.0,5.0,0.01,20.0,0.05
291,6.0,100.0,5.0,0.06,20.0,0.05
292,1.0,100.0,5.0,0.01,20.0,0.05
293,2.0,100.0,5.0,0.02,20.0,0.05
294,3.0,100.0,5.0,0.03,20.0,0.05
295,3.0,100.0,5.0,0.03,20.0,0.05
296,1.0,100.0,5.0,0.01,20.0,0.05
297,2.0,100.0,5.0,0.02,20.0,0.05
298,1.0,100.0,5.0,0.01,20.0,0.05
299,1.0,100.0,5.0,0.01,20.0,0.05
300,6.0,6.0,6.0,1.0,1.0,1.0
301,6.0,6.0,6.0,1.0,1.0,1.0
302,6.0,6.0,6.0,1.0,1.0,1.0
303,6.0,6.0,6.0,1.0,1.0,1.0
304,6.0,6.0,6.0,1.0,1.0,1.0
305,6.0,6.0,6.0,1.0,1.0,1.0
306,6.0,6.0,6.0,1.0,1.0,1.0
307,6.0,6.0,6.0,1.0,1.0,1.0
308,6.0,6.0,6.0,1.0,1.0,1.0
309,6.0,6.0,6.0,1.0,1.0,1.0
310,18.0,18.0,6.0,1.0,3.0,0.3333333333333333
311,18.0,18.0,6.0,1.0,3.0,0.3333333333333333
312,18.0,18.0,6.0,1.0,3.0,0.3333333333333333
313,18.0,18.0,6.0,1.0,3.0,0.3333333333333333
314,18.0,18.0,6.0,1.0,3.0,0.3333333333333333
315,18.0,18.0,6.0,1.0,3.0,0.3333333333333333
316,18.0,18.0,6.0,1.0,3.0,0.3333333333333333
317,18.0,18.0,6.0,1.0,3.0,0.3333333333333333
318,18.0,18.0,6.0,1.0,3.0,0.3333333333333333
319,18.0,18.0,6.0,1.0,3.0,0.3333333333333333
320,30.0,30.0,6.0,1.0,5.0,0.2
321,30.0,30.0,6.0,1.0,5.0,0.2
322,30.0,30.0,6.0,1.0,5.0,0.2
323,30.0,30.0,6.0,1.0,5.0,0.2
324,30.0,30.0,6.0,1.0,5.0,0.2
325,30.0,30.0,6.0,1.0,5.0,0.2
326,30.0,30.0,6.0,1.0,5.0,0.2
327,30.0,30.0,6.0,1.0,5.0,0.2
328,30.0,30.0,6.0,1.0,5.0,0.2
329,30.0,30.0,6.0,1.0,5.0,0.2
330,42.0,42.0,6.0,1.0,7.0,0.14285714285714285
331,42.0,42.0,6.0,1.0,7.0,0.14285714285714285
332,42.0,42.0,6.0,1.0,7.0,0.14285714285714285
333,42.0,42.0,6.0,1.0,7.0,0.14285714285714285
334,42.0,42.0,6.0,1.0,7.0,0.14285714285714285
335,29.0,42.0,6.0,0.6904761904761905,7.0,0.14285714285714285
336,42.0,42.0,6.0,1.0,7.0,0.14285714285714285
337,42.0,42.0,6.0,1.0,7.0,0.14285714285714285
338,42.0,42.0,6.0,1.0,7.0,0.14285714285714285
339,1.0,42.0,6.0,0.023809523809523808,7.0,0.14285714285714285
340,29.0,54.0,6.0,0.5370370370370371,9.0,0.1111111111111111
341,7.0,54.0,6.0,0.12962962962962962,9.0,0.1111111111111111
342,54.0,54.0,6.0,1.0,9.0,0.1111111111111111
343,24.0,54.0,6.0,0.4444444444444444,9.0,0.1111111111111111
344,50.0,54.0,6.0,0.9259259259259259,9.0,0.1111111111111111
345,54.0,54.0,6.0,1.0,9.0,0.1111111111111111
346,2.0,54.0,6.0,0.037037037037037035,9.0,0.1111111111111111
347,54.0,54.0,6.0,1.0,9.0,0.1111111111111111
348,1.0,54.0,6.0,0.018518518518518517,9.0,0.1111111111111111
349,12.0,54.0,6.0,0.2222222222222222,9.0,0.1111111111111111
350,3.0,66.0,6.0,0.045454545454545456,11.0,0.09090909090909091
351,8.0,66.0,6.0,0.12121212121212122,11.0,0.09090909090909091
352,3.0,66.0,6.0,0.045454545454545456,11.0,0.09090909090909091
353,10.0,66.0,6.0,0.15151515151515152,11.0,0.09090909090909091
354,66.0,66.0,6.0,1.0,11.0,0.09090909090909091
355,2.0,66.0,6.0,0.030303030303030304,11.0,0.09090909090909091
356,3.0,66.0,6.0,0.045454545454545456,11.0,0.09090909090909091
357,66.0,66.0,6.0,1.0,11.0,0.09090909090909091
358,43.0,66.0,6.0,0.6515151515151515,11.0,0.09090909090909091
359,5.0,66.0,6.0,0.07575757575757576,11.0,0.09090909090909091
360,3.0,78.0,6.0,0.038461538461538464,13.0,0.07692307692307693
361,17.0,78.0,6.0,0.21794871794871795,13.0,0.07692307692307693
362,17.0,78.0,6.0,0.21794871794871795,13.0,0.07692307692307693
363,1.0,78.0,6.0,0.01282051282051282,13.0,0.07692307692307693
364,1.0,78.0,6.0,0.01282051282051282,13.0,0.07692307692307693
365,53.0,78.0,6.0,0.6794871794871795,13.0,0.07692307692307693
366,1.0,78.0,6.0,0.01282051282051282,13.0,0.07692307692307693
367,6.0,78.0,6.0,0.07692307692307693,13.0,0.07692307692307693
368,1.0,78.0,6.0,0.01282051282051282,13.0,0.07692307692307693
369,26.0,78.0,6.0,0.3333333333333333,13.0,0.07692307692307693
370,9.0,90.0,6.0,0.1,15.0,0.06666666666666667
371,66.0,90.0,6.0,0.7333333333333333,15.0,0.06666666666666667
372,2.0,90.0,6.0,0.022222222222222223,15.0,0.06666666666666667
373,19.0,90.0,6.0,0.2111111111111111,15.0,0.06666666666666667
374,2.0,90.0,6.0,0.022222222222222223,15.0,0.06666666666666667
375,2.0,90.0,6.0,0.022222222222222223,15.0,0.06666666666666667
376,1.0,90.0,6.0,0.011111111111111112,15.0,0.06666666666666667
377,1.0,90.0,6.0,0.011111111111111112,15.0,0.06666666666666667
378,1.0,90.0,6.0,0.011111111111111112,15.0,0.06666666666666667
379,1.0,90.0,6.0,0.011111111111111112,15.0,0.06666666666666667
380,11.0,102.0,6.0,0.10784313725490197,17.0,0.058823529411764705
381,10.0,102.0,6.0,0.09803921568627451,17.0,0.058823529411764705
382,11.0,102.0,6.0,0.10784313725490197,17.0,0.058823529411764705
383,16.0,102.0,6.0,0.1568627450980392,17.0,0.058823529411764705
384,1.0,102.0,6.0,0.00980392156862745,17.0,0.058823529411764705
385,1.0,102.0,6.0,0.00980392156862745,17.0,0.058823529411764705
386,2.0,102.0,6.0,0.0196078431372549,17.0,0.058823529411764705
387,1.0,102.0,6.0,0.00980392156862745,17.0,0.058823529411764705
388,3.0,102.0,6.0,0.029411764705882353,17.0,0.058823529411764705
389,2.0,102.0,6.0,0.0196078431372549,17.0,0.058823529411764705
390,1.0,120.0,6.0,0.008333333333333333,20.0,0.05
391,11.0,120.0,6.0,0.09166666666666666,20.0,0.05
392,1.0,120.0,6.0,0.008333333333333333,20.0,0.05
393,1.0,120.0,6.0,0.008333333333333333,20.0,0.05
394,4.0,120.0,6.0,0.03333333333333333,20.0,0.05
395,11.0,120.0,6.0,0.09166666666666666,20.0,0.05
396,3.0,120.0,6.0,0.025,20.0,0.05
397,5.0,120.0,6.0,0.041666666666666664,20.0,0.05
398,1.0,120.0,6.0,0.008333333333333333,20.0,0.05
399,1.0,120.0,6.0,0.008333333333333333,20.0,0.05
400,7.0,7.0,7.0,1.0,1.0,1.0
401,7.0,7.0,7.0,1.0,1.0,1.0
402,7.0,7.0,7.0,1.0,1.0,1.0
403,7.0,7.0,7.0,1.0,1.0,1.0
404,7.0,7.0,7.0,1.0,1.0,1.0
405,7.0,7.0,7.0,1.0,1.0,1.0
406,7.0,7.0,7.0,1.0,1.0,1.0
407,7.0,7.0,7.0,1.0,1.0,1.0
408,7.0,7.0,7.0,1.0,1.0,1.0
409,7.0,7.0,7.0,1.0,1.0,1.0
410,21.0,21.0,7.0,1.0,3.0,0.3333333333333333
411,21.0,21.0,7.0,1.0,3.0,0.3333333333333333
412,21.0,21.0,7.0,1.0,3.0,0.3333333333333333
413,21.0,21.0,7.0,1.0,3.0,0.3333333333333333
414,21.0,21.0,7.0,1.0,3.0,0.3333333333333333
415,21.0,21.0,7.0,1.0,3.0,0.3333333333333333
416,21.0,21.0,7.0,1.0,3.0,0.3333333333333333
417,21.0,21.0,7.0,1.0,3.0,0.3333333333333333
418,21.0,21.0,7.0,1.0,3.0,0.3333333333333333
419,21.0,21.0,7.0,1.0,3.0,0.3333333333333333
420,35.0,35.0,7.0,1.0,5.0,0.2
421,35.0,35.0,7.0,1.0,5.0,0.2
422,35.0,35.0,7.0,1.0,5.0,0.2
423,35.0,35.0,7.0,1.0,5.0,0.2
424,35.0,35.0,7.0,1.0,5.0,0.2
425,35.0,35.0,7.0,1.0,5.0,0.2
426,35.0,35.0,7.0,1.0,5.0,0.2
427,35.0,35.0,7.0,1.0,5.0,0.2
428,35.0,35.0,7.0,1.0,5.0,0.2
429,35.0,35.0,7.0,1.0,5.0,0.2
430,49.0,49.0,7.0,1.0,7.0,0.14285714285714285
431,4.0,49.0,7.0,0.08163265306122448,7.0,0.14285714285714285
432,49.0,49.0,7.0,1.0,7.0,0.14285714285714285
433,49.0,49.0,7.0,1.0,7.0,0.14285714285714285
434,49.0,49.0,7.0,1.0,7.0,0.14285714285714285
435,49.0,49.0,7.0,1.0,7.0,0.14285714285714285
436,49.0,49.0,7.0,1.0,7.0,0.14285714285714285
437,49.0,49.0,7.0,1.0,7.0,0.14285714285714285
438,49.0,49.0,7.0,1.0,7.0,0.14285714285714285
439,49.0,49.0,7.0,1.0,7.0,0.14285714285714285
440,63.0,63.0,7.0,1.0,9.0,0.1111111111111111
441,63.0,63.0,7.0,1.0,9.0,0.1111111111111111
442,54.0,63.0,7.0,0.8571428571428571,9.0,0.1111111111111111
443,14.0,63.0,7.0,0.2222222222222222,9.0,0.1111111111111111
444,63.0,63.0,7.0,1.0,9.0,0.1111111111111111
445,9.0,63.0,7.0,0.14285714285714285,9.0,0.1111111111111111
446,63.0,63.0,7.0,1.0,9.0,0.1111111111111111
447,63.0,63.0,7.0,1.0,9.0,0.1111111111111111
448,3.0,63.0,7.0,0.047619047619047616,9.0,0.1111111111111111
449,63.0,63.0,7.0,1.0,9.0,0.1111111111111111
450,19.0,77.0,7.0,0.24675324675324675,11.0,0.09090909090909091
451,5.0,77.0,7.0,0.06493506493506493,11.0,0.09090909090909091
452,7.0,77.0,7.0,0.09090909090909091,11.0,0.09090909090909091
453,76.0,77.0,7.0,0.987012987012987,11.0,0.09090909090909091
454,3.0,77.0,7.0,0.03896103896103896,11.0,0.09090909090909091
455,2.0,77.0,7.0,0.025974025974025976,11.0,0.09090909090909091
456,77.0,77.0,7.0,1.0,11.0,0.09090909090909091
457,3.0,77.0,7.0,0.03896103896103896,11.0,0.09090909090909091
458,1.0,77.0,7.0,0.012987012987012988,11.0,0.09090909090909091
459,77.0,77.0,7.0,1.0,11.0,0.09090909090909091
460,2.0,91.0,7.0,0.02197802197802198,13.0,0.07692307692307693
461,3.0,91.0,7.0,0.03296703296703297,13.0,0.07692307692307693
462,3.0,91.0,7.0,0.03296703296703297,13.0,0.07692307692307693
463,38.0,91.0,7.0,0.4175824175824176,13.0,0.07692307692307693
464,79.0,91.0,7.0,0.8681318681318682,13.0,0.07692307692307693
465,53.0,91.0,7.0,0.5824175824175825,13.0,0.07692307692307693
466,3.0,91.0,7.0,0.03296703296703297,13.0,0.07692307692307693
467,3.0,91.0,7.0,0.03296703296703297,13.0,0.07692307692307693
468,6.0,91.0,7.0,0.06593406593406594,13.0,0.07692307692307693
469,10.0,91.0,7.0,0.10989010989010989,13.0,0.07692307692307693
470,21.0,105.0,7.0,0.2,15.0,0.06666666666666667
471,6.0,105.0,7.0,0.05714285714285714,15.0,0.06666666666666667
472,1.0,105.0,7.0,0.009523809523809525,15.0,0.06666666666666667
473,5.0,105.0,7.0,0.047619047619047616,15.0,0.06666666666666667
474,10.0,105.0,7.0,0.09523809523809523,15.0,0.06666666666666667
475,10.0,105.0,7.0,0.09523809523809523,15.0,0.06666666666666667
476,1.0,105.0,7.0,0.009523809523809525,15.0,0.06666666666666667
477,2.0,105.0,7.0,0.01904761904761905,15.0,0.06666666666666667
478,5.0,105.0,7.0,0.047619047619047616,15.0,0.06666666666666667
479,6.0,105.0,7.0,0.05714285714285714,15.0,0.06666666666666667
480,3.0,119.0,7.0,0.025210084033613446,17.0,0.058823529411764705
481,3.0,119.0,7.0,0.025210084033613446,17.0,0.058823529411764705
482,3.0,119.0,7.0,0.025210084033613446,17.0,0.058823529411764705
483,3.0,119.0,7.0,0.025210084033613446,17.0,0.058823529411764705
484,2.0,119.0,7.0,0.01680672268907563,17.0,0.058823529411764705
485,3.0,119.0,7.0,0.025210084033613446,17.0,0.058823529411764705
486,1.0,119.0,7.0,0.008403361344537815,17.0,0.058823529411764705
487,1.0,119.0,7.0,0.008403361344537815,17.0,0.058823529411764705
488,7.0,119.0,7.0,0.058823529411764705,17.0,0.058823529411764705
489,4.0,119.0,7.0,0.03361344537815126,17.0,0.058823529411764705
490,1.0,140.0,7.0,0.007142857142857143,20.0,0.05
491,4.0,140.0,7.0,0.02857142857142857,20.0,0.05
492,6.0,140.0,7.0,0.04285714285714286,20.0,0.05
493,1.0,140.0,7.0,0.007142857142857143,20.0,0.05
494,2.0,140.0,7.0,0.014285714285714285,20.0,0.05
495,3.0,140.0,7.0,0.02142857142857143,20.0,0.05
496,11.0,140.0,7.0,0.07857142857142857,20.0,0.05
497,1.0,140.0,7.0,0.007142857142857143,20.0,0.05
498,1.0,140.0,7.0,0.007142857142857143,20.0,0.05
499,6.0,140.0,7.0,0.04285714285714286,20.0,0.05
500,8.0,8.0,8.0,1.0,1.0,1.0
501,8.0,8.0,8.0,1.0,1.0,1.0
502,8.0,8.0,8.0,1.0,1.0,1.0
503,8.0,8.0,8.0,1.0,1.0,1.0
504,8.0,8.0,8.0,1.0,1.0,1.0
505,8.0,8.0,8.0,1.0,1.0,1.0
506,8.0,8.0,8.0,1.0,1.0,1.0
507,8.0,8.0,8.0,1.0,1.0,1.0
508,8.0,8.0,8.0,1.0,1.0,1.0
509,8.0,8.0,8.0,1.0,1.0,1.0
510,24.0,24.0,8.0,1.0,3.0,0.3333333333333333
511,24.0,24.0,8.0,1.0,3.0,0.3333333333333333
512,24.0,24.0,8.0,1.0,3.0,0.3333333333333333
513,24.0,24.0,8.0,1.0,3.0,0.3333333333333333
514,24.0,24.0,8.0,1.0,3.0,0.3333333333333333
515,24.0,24.0,8.0,1.0,3.0,0.3333333333333333
516,24.0,24.0,8.0,1.0,3.0,0.3333333333333333
517,24.0,24.0,8.0,1.0,3.0,0.3333333333333333
518,24.0,24.0,8.0,1.0,3.0,0.3333333333333333
519,24.0,24.0,8.0,1.0,3.0,0.3333333333333333
520,40.0,40.0,8.0,1.0,5.0,0.2
521,40.0,40.0,8.0,1.0,5.0,0.2
522,40.0,40.0,8.0,1.0,5.0,0.2
523,40.0,40.0,8.0,1.0,5.0,0.2
524,40.0,40.0,8.0,1.0,5.0,0.2
525,40.0,40.0,8.0,1.0,5.0,0.2
526,40.0,40.0,8.0,1.0,5.0,0.2
527,40.0,40.0,8.0,1.0,5.0,0.2
528,40.0,40.0,8.0,1.0,5.0,0.2
529,40.0,40.0,8.0,1.0,5.0,0.2
530,5.0,56.0,8.0,0.08928571428571429,7.0,0.14285714285714285
531,56.0,56.0,8.0,1.0,7.0,0.14285714285714285
532,56.0,56.0,8.0,1.0,7.0,0.14285714285714285
533,56.0,56.0,8.0,1.0,7.0,0.14285714285714285
534,56.0,56.0,8.0,1.0,7.0,0.14285714285714285
535,56.0,56.0,8.0,1.0,7.0,0.14285714285714285
536,52.0,56.0,8.0,0.9285714285714286,7.0,0.14285714285714285
537,56.0,56.0,8.0,1.0,7.0,0.14285714285714285
538,56.0,56.0,8.0,1.0,7.0,0.14285714285714285
539,1.0,56.0,8.0,0.017857142857142856,7.0,0.14285714285714285
540,15.0,72.0,8.0,0.20833333333333334,9.0,0.1111111111111111
541,72.0,72.0,8.0,1.0,9.0,0.1111111111111111
542,5.0,72.0,8.0,0.06944444444444445,9.0,0.1111111111111111
543,2.0,72.0,8.0,0.027777777777777776,9.0,0.1111111111111111
544,6.0,72.0,8.0,0.08333333333333333,9.0,0.1111111111111111
545,36.0,72.0,8.0,0.5,9.0,0.1111111111111111
546,6.0,72.0,8.0,0.08333333333333333,9.0,0.1111111111111111
547,53.0,72.0,8.0,0.7361111111111112,9.0,0.1111111111111111
548,61.0,72.0,8.0,0.8472222222222222,9.0,0.1111111111111111
549,3.0,72.0,8.0,0.041666666666666664,9.0,0.1111111111111111
550,35.0,88.0,8.0,0.3977272727272727,11.0,0.09090909090909091
551,74.0,88.0,8.0,0.8409090909090909,11.0,0.09090909090909091
552,8.0,88.0,8.0,0.09090909090909091,11.0,0.09090909090909091
553,1.0,88.0,8.0,0.011363636363636364,11.0,0.09090909090909091
554,78.0,88.0,8.0,0.8863636363636364,11.0,0.09090909090909091
555,1.0,88.0,8.0,0.011363636363636364,11.0,0.09090909090909091
556,76.0,88.0,8.0,0.8636363636363636,11.0,0.09090909090909091
557,44.0,88.0,8.0,0.5,11.0,0.09090909090909091
558,3.0,88.0,8.0,0.03409090909090909,11.0,0.09090909090909091
559,6.0,88.0,8.0,0.06818181818181818,11.0,0.09090909090909091
560,4.0,104.0,8.0,0.038461538461538464,13.0,0.07692307692307693
561,9.0,104.0,8.0,0.08653846153846154,13.0,0.07692307692307693
562,12.0,104.0,8.0,0.11538461538461539,13.0,0.07692307692307693
563,4.0,104.0,8.0,0.038461538461538464,13.0,0.07692307692307693
564,1.0,104.0,8.0,0.009615384615384616,13.0,0.07692307692307693
565,1.0,104.0,8.0,0.009615384615384616,13.0,0.07692307692307693
566,1.0,104.0,8.0,0.009615384615384616,13.0,0.07692307692307693
567,8.0,104.0,8.0,0.07692307692307693,13.0,0.07692307692307693
568,2.0,104.0,8.0,0.019230769230769232,13.0,0.07692307692307693
569,2.0,104.0,8.0,0.019230769230769232,13.0,0.07692307692307693
570,6.0,120.0,8.0,0.05,15.0,0.06666666666666667
571,1.0,120.0,8.0,0.008333333333333333,15.0,0.06666666666666667
572,1.0,120.0,8.0,0.008333333333333333,15.0,0.06666666666666667
573,1.0,120.0,8.0,0.008333333333333333,15.0,0.06666666666666667
574,9.0,120.0,8.0,0.075,15.0,0.06666666666666667
575,1.0,120.0,8.0,0.008333333333333333,15.0,0.06666666666666667
576,8.0,120.0,8.0,0.06666666666666667,15.0,0.06666666666666667
577,18.0,120.0,8.0,0.15,15.0,0.06666666666666667
578,1.0,120.0,8.0,0.008333333333333333,15.0,0.06666666666666667
579,12.0,120.0,8.0,0.1,15.0,0.06666666666666667
580,14.0,136.0,8.0,0.10294117647058823,17.0,0.058823529411764705
581,6.0,136.0,8.0,0.04411764705882353,17.0,0.058823529411764705
582,5.0,136.0,8.0,0.03676470588235294,17.0,0.058823529411764705
583,5.0,136.0,8.0,0.03676470588235294,17.0,0.058823529411764705
584,4.0,136.0,8.0,0.029411764705882353,17.0,0.058823529411764705
585,11.0,136.0,8.0,0.08088235294117647,17.0,0.058823529411764705
586,1.0,136.0,8.0,0.007352941176470588,17.0,0.058823529411764705
587,2.0,136.0,8.0,0.014705882352941176,17.0,0.058823529411764705
588,2.0,136.0,8.0,0.014705882352941176,17.0,0.058823529411764705
589,4.0,136.0,8.0,0.029411764705882353,17.0,0.058823529411764705
590,1.0,160.0,8.0,0.00625,20.0,0.05
591,11.0,160.0,8.0,0.06875,20.0,0.05
592,3.0,160.0,8.0,0.01875,20.0,0.05
593,5.0,160.0,8.0,0.03125,20.0,0.05
594,1.0,160.0,8.0,0.00625,20.0,0.05
595,1.0,160.0,8.0,0.00625,20.0,0.05
596,6.0,160.0,8.0,0.0375,20.0,0.05
597,3.0,160.0,8.0,0.01875,20.0,0.05
598,5.0,160.0,8.0,0.03125,20.0,0.05
599,9.0,160.0,8.0,0.05625,20.0,0.05
600,9.0,9.0,9.0,1.0,1.0,1.0
601,9.0,9.0,9.0,1.0,1.0,1.0
602,9.0,9.0,9.0,1.0,1.0,1.0
603,9.0,9.0,9.0,1.0,1.0,1.0
604,9.0,9.0,9.0,1.0,1.0,1.0
605,9.0,9.0,9.0,1.0,1.0,1.0
606,9.0,9.0,9.0,1.0,1.0,1.0
607,9.0,9.0,9.0,1.0,1.0,1.0
608,9.0,9.0,9.0,1.0,1.0,1.0
609,9.0,9.0,9.0,1.0,1.0,1.0
610,27.0,27.0,9.0,1.0,3.0,0.3333333333333333
611,27.0,27.0,9.0,1.0,3.0,0.3333333333333333
612,27.0,27.0,9.0,1.0,3.0,0.3333333333333333
613,27.0,27.0,9.0,1.0,3.0,0.3333333333333333
614,27.0,27.0,9.0,1.0,3.0,0.3333333333333333
615,27.0,27.0,9.0,1.0,3.0,0.3333333333333333
616,27.0,27.0,9.0,1.0,3.0,0.3333333333333333
617,27.0,27.0,9.0,1.0,3.0,0.3333333333333333
618,27.0,27.0,9.0,1.0,3.0,0.3333333333333333
619,27.0,27.0,9.0,1.0,3.0,0.3333333333333333
620,45.0,45.0,9.0,1.0,5.0,0.2
621,45.0,45.0,9.0,1.0,5.0,0.2
622,45.0,45.0,9.0,1.0,5.0,0.2
623,45.0,45.0,9.0,1.0,5.0,0.2
624,45.0,45.0,9.0,1.0,5.0,0.2
625,45.0,45.0,9.0,1.0,5.0,0.2
626,45.0,45.0,9.0,1.0,5.0,0.2
627,45.0,45.0,9.0,1.0,5.0,0.2
628,45.0,45.0,9.0,1.0,5.0,0.2
629,45.0,45.0,9.0,1.0,5.0,0.2
630,17.0,63.0,9.0,0.2698412698412698,7.0,0.14285714285714285
631,57.0,63.0,9.0,0.9047619047619048,7.0,0.14285714285714285
632,42.0,63.0,9.0,0.6666666666666666,7.0,0.14285714285714285
633,4.0,63.0,9.0,0.06349206349206349,7.0,0.14285714285714285
634,63.0,63.0,9.0,1.0,7.0,0.14285714285714285
635,2.0,63.0,9.0,0.031746031746031744,7.0,0.14285714285714285
636,63.0,63.0,9.0,1.0,7.0,0.14285714285714285
637,63.0,63.0,9.0,1.0,7.0,0.14285714285714285
638,63.0,63.0,9.0,1.0,7.0,0.14285714285714285
639,3.0,63.0,9.0,0.047619047619047616,7.0,0.14285714285714285
640,78.0,81.0,9.0,0.9629629629629629,9.0,0.1111111111111111
641,6.0,81.0,9.0,0.07407407407407407,9.0,0.1111111111111111
642,18.0,81.0,9.0,0.2222222222222222,9.0,0.1111111111111111
643,53.0,81.0,9.0,0.654320987654321,9.0,0.1111111111111111
644,18.0,81.0,9.0,0.2222222222222222,9.0,0.1111111111111111
645,23.0,81.0,9.0,0.2839506172839506,9.0,0.1111111111111111
646,2.0,81.0,9.0,0.024691358024691357,9.0,0.1111111111111111
647,30.0,81.0,9.0,0.37037037037037035,9.0,0.1111111111111111
648,9.0,81.0,9.0,0.1111111111111111,9.0,0.1111111111111111
649,40.0,81.0,9.0,0.49382716049382713,9.0,0.1111111111111111
650,4.0,99.0,9.0,0.04040404040404041,11.0,0.09090909090909091
651,7.0,99.0,9.0,0.0707070707070707,11.0,0.09090909090909091
652,2.0,99.0,9.0,0.020202020202020204,11.0,0.09090909090909091
653,13.0,99.0,9.0,0.13131313131313133,11.0,0.09090909090909091
654,1.0,99.0,9.0,0.010101010101010102,11.0,0.09090909090909091
655,7.0,99.0,9.0,0.0707070707070707,11.0,0.09090909090909091
656,12.0,99.0,9.0,0.12121212121212122,11.0,0.09090909090909091
657,13.0,99.0,9.0,0.13131313131313133,11.0,0.09090909090909091
658,23.0,99.0,9.0,0.23232323232323232,11.0,0.09090909090909091
659,38.0,99.0,9.0,0.3838383838383838,11.0,0.09090909090909091
660,1.0,117.0,9.0,0.008547008547008548,13.0,0.07692307692307693
661,1.0,117.0,9.0,0.008547008547008548,13.0,0.07692307692307693
662,1.0,117.0,9.0,0.008547008547008548,13.0,0.07692307692307693
663,3.0,117.0,9.0,0.02564102564102564,13.0,0.07692307692307693
664,32.0,117.0,9.0,0.27350427350427353,13.0,0.07692307692307693
665,30.0,117.0,9.0,0.2564102564102564,13.0,0.07692307692307693
666,5.0,117.0,9.0,0.042735042735042736,13.0,0.07692307692307693
667,4.0,117.0,9.0,0.03418803418803419,13.0,0.07692307692307693
668,15.0,117.0,9.0,0.1282051282051282,13.0,0.07692307692307693
669,3.0,117.0,9.0,0.02564102564102564,13.0,0.07692307692307693
670,1.0,135.0,9.0,0.007407407407407408,15.0,0.06666666666666667
671,1.0,135.0,9.0,0.007407407407407408,15.0,0.06666666666666667
672,10.0,135.0,9.0,0.07407407407407407,15.0,0.06666666666666667
673,1.0,135.0,9.0,0.007407407407407408,15.0,0.06666666666666667
674,12.0,135.0,9.0,0.08888888888888889,15.0,0.06666666666666667
675,2.0,135.0,9.0,0.014814814814814815,15.0,0.06666666666666667
676,2.0,135.0,9.0,0.014814814814814815,15.0,0.06666666666666667
677,31.0,135.0,9.0,0.22962962962962963,15.0,0.06666666666666667
678,1.0,135.0,9.0,0.007407407407407408,15.0,0.06666666666666667
679,3.0,135.0,9.0,0.022222222222222223,15.0,0.06666666666666667
680,3.0,153.0,9.0,0.0196078431372549,17.0,0.058823529411764705
681,1.0,153.0,9.0,0.006535947712418301,17.0,0.058823529411764705
682,16.0,153.0,9.0,0.10457516339869281,17.0,0.058823529411764705
683,8.0,153.0,9.0,0.05228758169934641,17.0,0.058823529411764705
684,1.0,153.0,9.0,0.006535947712418301,17.0,0.058823529411764705
685,8.0,153.0,9.0,0.05228758169934641,17.0,0.058823529411764705
686,3.0,153.0,9.0,0.0196078431372549,17.0,0.058823529411764705
687,21.0,153.0,9.0,0.13725490196078433,17.0,0.058823529411764705
688,6.0,153.0,9.0,0.0392156862745098,17.0,0.058823529411764705
689,2.0,153.0,9.0,0.013071895424836602,17.0,0.058823529411764705
690,3.0,180.0,9.0,0.016666666666666666,20.0,0.05
691,5.0,180.0,9.0,0.027777777777777776,20.0,0.05
692,2.0,180.0,9.0,0.011111111111111112,20.0,0.05
693,14.0,180.0,9.0,0.07777777777777778,20.0,0.05
694,2.0,180.0,9.0,0.011111111111111112,20.0,0.05
695,1.0,180.0,9.0,0.005555555555555556,20.0,0.05
696,1.0,180.0,9.0,0.005555555555555556,20.0,0.05
697,1.0,180.0,9.0,0.005555555555555556,20.0,0.05
698,4.0,180.0,9.0,0.022222222222222223,20.0,0.05
699,2.0,180.0,9.0,0.011111111111111112,20.0,0.05
700,3.0,3.0,3.0,1.0,1.0,1.0
701,1.0,3.0,3.0,0.3333333333333333,1.0,1.0
702,3.0,3.0,3.0,1.0,1.0,1.0
703,3.0,3.0,3.0,1.0,1.0,1.0
704,3.0,3.0,3.0,1.0,1.0,1.0
705,3.0,3.0,3.0,1.0,1.0,1.0
706,3.0,3.0,3.0,1.0,1.0,1.0
707,3.0,3.0,3.0,1.0,1.0,1.0
708,3.0,3.0,3.0,1.0,1.0,1.0
709,3.0,3.0,3.0,1.0,1.0,1.0
710,9.0,9.0,3.0,1.0,3.0,0.3333333333333333
711,9.0,9.0,3.0,1.0,3.0,0.3333333333333333
712,9.0,9.0,3.0,1.0,3.0,0.3333333333333333
713,9.0,9.0,3.0,1.0,3.0,0.3333333333333333
714,9.0,9.0,3.0,1.0,3.0,0.3333333333333333
715,9.0,9.0,3.0,1.0,3.0,0.3333333333333333
716,9.0,9.0,3.0,1.0,3.0,0.3333333333333333
717,9.0,9.0,3.0,1.0,3.0,0.3333333333333333
718,9.0,9.0,3.0,1.0,3.0,0.3333333333333333
719,9.0,9.0,3.0,1.0,3.0,0.3333333333333333
720,15.0,15.0,3.0,1.0,5.0,0.2
721,15.0,15.0,3.0,1.0,5.0,0.2
722,15.0,15.0,3.0,1.0,5.0,0.2
723,15.0,15.0,3.0,1.0,5.0,0.2
724,15.0,15.0,3.0,1.0,5.0,0.2
725,15.0,15.0,3.0,1.0,5.0,0.2
726,15.0,15.0,3.0,1.0,5.0,0.2
727,15.0,15.0,3.0,1.0,5.0,0.2
728,15.0,15.0,3.0,1.0,5.0,0.2
729,15.0,15.0,3.0,1.0,5.0,0.2
730,1.0,21.0,3.0,0.047619047619047616,7.0,0.14285714285714285
731,21.0,21.0,3.0,1.0,7.0,0.14285714285714285
732,21.0,21.0,3.0,1.0,7.0,0.14285714285714285
733,21.0,21.0,3.0,1.0,7.0,0.14285714285714285
734,21.0,21.0,3.0,1.0,7.0,0.14285714285714285
735,21.0,21.0,3.0,1.0,7.0,0.14285714285714285
736,21.0,21.0,3.0,1.0,7.0,0.14285714285714285
737,21.0,21.0,3.0,1.0,7.0,0.14285714285714285
738,21.0,21.0,3.0,1.0,7.0,0.14285714285714285
739,21.0,21.0,3.0,1.0,7.0,0.14285714285714285
740,1.0,27.0,3.0,0.037037037037037035,9.0,0.1111111111111111
741,27.0,27.0,3.0,1.0,9.0,0.1111111111111111
742,1.0,27.0,3.0,0.037037037037037035,9.0,0.1111111111111111
743,27.0,27.0,3.0,1.0,9.0,0.1111111111111111
744,27.0,27.0,3.0,1.0,9.0,0.1111111111111111
745,27.0,27.0,3.0,1.0,9.0,0.1111111111111111
746,27.0,27.0,3.0,1.0,9.0,0.1111111111111111
747,27.0,27.0,3.0,1.0,9.0,0.1111111111111111
748,27.0,27.0,3.0,1.0,9.0,0.1111111111111111
749,27.0,27.0,3.0,1.0,9.0,0.1111111111111111
750,33.0,33.0,3.0,1.0,11.0,0.09090909090909091
751,33.0,33.0,3.0,1.0,11.0,0.09090909090909091
752,33.0,33.0,3.0,1.0,11.0,0.09090909090909091
753,33.0,33.0,3.0,1.0,11.0,0.09090909090909091
754,33.0,33.0,3.0,1.0,11.0,0.09090909090909091
755,33.0,33.0,3.0,1.0,11.0,0.09090909090909091
756,1.0,33.0,3.0,0.030303030303030304,11.0,0.09090909090909091
757,33.0,33.0,3.0,1.0,11.0,0.09090909090909091
758,33.0,33.0,3.0,1.0,11.0,0.09090909090909091
759,33.0,33.0,3.0,1.0,11.0,0.09090909090909091
760,39.0,39.0,3.0,1.0,13.0,0.07692307692307693
761,1.0,39.0,3.0,0.02564102564102564,13.0,0.07692307692307693
762,38.0,39.0,3.0,0.9743589743589743,13.0,0.07692307692307693
763,39.0,39.0,3.0,1.0,13.0,0.07692307692307693
764,35.0,39.0,3.0,0.8974358974358975,13.0,0.07692307692307693
765,39.0,39.0,3.0,1.0,13.0,0.07692307692307693
766,39.0,39.0,3.0,1.0,13.0,0.07692307692307693
767,39.0,39.0,3.0,1.0,13.0,0.07692307692307693
768,39.0,39.0,3.0,1.0,13.0,0.07692307692307693
769,38.0,39.0,3.0,0.9743589743589743,13.0,0.07692307692307693
770,1.0,45.0,3.0,0.022222222222222223,15.0,0.06666666666666667
771,1.0,45.0,3.0,0.022222222222222223,15.0,0.06666666666666667
772,45.0,45.0,3.0,1.0,15.0,0.06666666666666667
773,1.0,45.0,3.0,0.022222222222222223,15.0,0.06666666666666667
774,1.0,45.0,3.0,0.022222222222222223,15.0,0.06666666666666667
775,1.0,45.0,3.0,0.022222222222222223,15.0,0.06666666666666667
776,2.0,45.0,3.0,0.044444444444444446,15.0,0.06666666666666667
777,1.0,45.0,3.0,0.022222222222222223,15.0,0.06666666666666667
778,21.0,45.0,3.0,0.4666666666666667,15.0,0.06666666666666667
779,1.0,45.0,3.0,0.022222222222222223,15.0,0.06666666666666667
780,1.0,51.0,3.0,0.0196078431372549,17.0,0.058823529411764705
781,1.0,51.0,3.0,0.0196078431372549,17.0,0.058823529411764705
782,4.0,51.0,3.0,0.0784313725490196,17.0,0.058823529411764705
783,1.0,51.0,3.0,0.0196078431372549,17.0,0.058823529411764705
784,1.0,51.0,3.0,0.0196078431372549,17.0,0.058823529411764705
785,51.0,51.0,3.0,1.0,17.0,0.058823529411764705
786,1.0,51.0,3.0,0.0196078431372549,17.0,0.058823529411764705
787,1.0,51.0,3.0,0.0196078431372549,17.0,0.058823529411764705
788,2.0,51.0,3.0,0.0392156862745098,17.0,0.058823529411764705
789,1.0,51.0,3.0,0.0196078431372549,17.0,0.058823529411764705
790,5.0,60.0,3.0,0.08333333333333333,20.0,0.05
791,2.0,60.0,3.0,0.03333333333333333,20.0,0.05
792,1.0,60.0,3.0,0.016666666666666666,20.0,0.05
793,1.0,60.0,3.0,0.016666666666666666,20.0,0.05
794,60.0,60.0,3.0,1.0,20.0,0.05
795,1.0,60.0,3.0,0.016666666666666666,20.0,0.05
796,1.0,60.0,3.0,0.016666666666666666,20.0,0.05
797,1.0,60.0,3.0,0.016666666666666666,20.0,0.05
798,1.0,60.0,3.0,0.016666666666666666,20.0,0.05
799,1.0,60.0,3.0,0.016666666666666666,20.0,0.05
800,4.0,4.0,4.0,1.0,1.0,1.0
801,4.0,4.0,4.0,1.0,1.0,1.0
802,4.0,4.0,4.0,1.0,1.0,1.0
803,4.0,4.0,4.0,1.0,1.0,1.0
804,4.0,4.0,4.0,1.0,1.0,1.0
805,4.0,4.0,4.0,1.0,1.0,1.0
806,4.0,4.0,4.0,1.0,1.0,1.0
807,4.0,4.0,4.0,1.0,1.0,1.0
808,4.0,4.0,4.0,1.0,1.0,1.0
809,4.0,4.0,4.0,1.0,1.0,1.0
810,12.0,12.0,4.0,1.0,3.0,0.3333333333333333
811,12.0,12.0,4.0,1.0,3.0,0.3333333333333333
812,12.0,12.0,4.0,1.0,3.0,0.3333333333333333
813,12.0,12.0,4.0,1.0,3.0,0.3333333333333333
814,12.0,12.0,4.0,1.0,3.0,0.3333333333333333
815,12.0,12.0,4.0,1.0,3.0,0.3333333333333333
816,12.0,12.0,4.0,1.0,3.0,0.3333333333333333
817,12.0,12.0,4.0,1.0,3.0,0.3333333333333333
818,12.0,12.0,4.0,1.0,3.0,0.3333333333333333
819,12.0,12.0,4.0,1.0,3.0,0.3333333333333333
820,20.0,20.0,4.0,1.0,5.0,0.2
821,20.0,20.0,4.0,1.0,5.0,0.2
822,20.0,20.0,4.0,1.0,5.0,0.2
823,20.0,20.0,4.0,1.0,5.0,0.2
824,20.0,20.0,4.0,1.0,5.0,0.2
825,20.0,20.0,4.0,1.0,5.0,0.2
826,20.0,20.0,4.0,1.0,5.0,0.2
827,20.0,20.0,4.0,1.0,5.0,0.2
828,20.0,20.0,4.0,1.0,5.0,0.2
829,20.0,20.0,4.0,1.0,5.0,0.2
830,28.0,28.0,4.0,1.0,7.0,0.14285714285714285
831,28.0,28.0,4.0,1.0,7.0,0.14285714285714285
832,28.0,28.0,4.0,1.0,7.0,0.14285714285714285
833,27.0,28.0,4.0,0.9642857142857143,7.0,0.14285714285714285
834,28.0,28.0,4.0,1.0,7.0,0.14285714285714285
835,28.0,28.0,4.0,1.0,7.0,0.14285714285714285
836,28.0,28.0,4.0,1.0,7.0,0.14285714285714285
837,28.0,28.0,4.0,1.0,7.0,0.14285714285714285
838,28.0,28.0,4.0,1.0,7.0,0.14285714285714285
839,28.0,28.0,4.0,1.0,7.0,0.14285714285714285
840,36.0,36.0,4.0,1.0,9.0,0.1111111111111111
841,36.0,36.0,4.0,1.0,9.0,0.1111111111111111
842,36.0,36.0,4.0,1.0,9.0,0.1111111111111111
843,34.0,36.0,4.0,0.9444444444444444,9.0,0.1111111111111111
844,36.0,36.0,4.0,1.0,9.0,0.1111111111111111
845,36.0,36.0,4.0,1.0,9.0,0.1111111111111111
846,17.0,36.0,4.0,0.4722222222222222,9.0,0.1111111111111111
847,36.0,36.0,4.0,1.0,9.0,0.1111111111111111
848,36.0,36.0,4.0,1.0,9.0,0.1111111111111111
849,36.0,36.0,4.0,1.0,9.0,0.1111111111111111
850,44.0,44.0,4.0,1.0,11.0,0.09090909090909091
851,3.0,44.0,4.0,0.06818181818181818,11.0,0.09090909090909091
852,44.0,44.0,4.0,1.0,11.0,0.09090909090909091
853,44.0,44.0,4.0,1.0,11.0,0.09090909090909091
854,44.0,44.0,4.0,1.0,11.0,0.09090909090909091
855,44.0,44.0,4.0,1.0,11.0,0.09090909090909091
856,44.0,44.0,4.0,1.0,11.0,0.09090909090909091
857,3.0,44.0,4.0,0.06818181818181818,11.0,0.09090909090909091
858,6.0,44.0,4.0,0.13636363636363635,11.0,0.09090909090909091
859,44.0,44.0,4.0,1.0,11.0,0.09090909090909091
860,1.0,52.0,4.0,0.019230769230769232,13.0,0.07692307692307693
861,5.0,52.0,4.0,0.09615384615384616,13.0,0.07692307692307693
862,52.0,52.0,4.0,1.0,13.0,0.07692307692307693
863,52.0,52.0,4.0,1.0,13.0,0.07692307692307693
864,1.0,52.0,4.0,0.019230769230769232,13.0,0.07692307692307693
865,1.0,52.0,4.0,0.019230769230769232,13.0,0.07692307692307693
866,1.0,52.0,4.0,0.019230769230769232,13.0,0.07692307692307693
867,1.0,52.0,4.0,0.019230769230769232,13.0,0.07692307692307693
868,38.0,52.0,4.0,0.7307692307692307,13.0,0.07692307692307693
869,1.0,52.0,4.0,0.019230769230769232,13.0,0.07692307692307693
870,8.0,60.0,4.0,0.13333333333333333,15.0,0.06666666666666667
871,60.0,60.0,4.0,1.0,15.0,0.06666666666666667
872,60.0,60.0,4.0,1.0,15.0,0.06666666666666667
873,1.0,60.0,4.0,0.016666666666666666,15.0,0.06666666666666667
874,3.0,60.0,4.0,0.05,15.0,0.06666666666666667
875,1.0,60.0,4.0,0.016666666666666666,15.0,0.06666666666666667
876,1.0,60.0,4.0,0.016666666666666666,15.0,0.06666666666666667
877,1.0,60.0,4.0,0.016666666666666666,15.0,0.06666666666666667
878,1.0,60.0,4.0,0.016666666666666666,15.0,0.06666666666666667
879,26.0,60.0,4.0,0.43333333333333335,15.0,0.06666666666666667
880,3.0,68.0,4.0,0.04411764705882353,17.0,0.058823529411764705
881,1.0,68.0,4.0,0.014705882352941176,17.0,0.058823529411764705
882,1.0,68.0,4.0,0.014705882352941176,17.0,0.058823529411764705
883,68.0,68.0,4.0,1.0,17.0,0.058823529411764705
884,1.0,68.0,4.0,0.014705882352941176,17.0,0.058823529411764705
885,66.0,68.0,4.0,0.9705882352941176,17.0,0.058823529411764705
886,1.0,68.0,4.0,0.014705882352941176,17.0,0.058823529411764705
887,3.0,68.0,4.0,0.04411764705882353,17.0,0.058823529411764705
888,1.0,68.0,4.0,0.014705882352941176,17.0,0.058823529411764705
889,1.0,68.0,4.0,0.014705882352941176,17.0,0.058823529411764705
890,1.0,80.0,4.0,0.0125,20.0,0.05
891,1.0,80.0,4.0,0.0125,20.0,0.05
892,1.0,80.0,4.0,0.0125,20.0,0.05
893,1.0,80.0,4.0,0.0125,20.0,0.05
894,3.0,80.0,4.0,0.0375,20.0,0.05
895,1.0,80.0,4.0,0.0125,20.0,0.05
896,6.0,80.0,4.0,0.075,20.0,0.05
897,2.0,80.0,4.0,0.025,20.0,0.05
898,1.0,80.0,4.0,0.0125,20.0,0.05
899,1.0,80.0,4.0,0.0125,20.0,0.05
900,5.0,5.0,5.0,1.0,1.0,1.0
901,5.0,5.0,5.0,1.0,1.0,1.0
902,5.0,5.0,5.0,1.0,1.0,1.0
903,5.0,5.0,5.0,1.0,1.0,1.0
904,5.0,5.0,5.0,1.0,1.0,1.0
905,5.0,5.0,5.0,1.0,1.0,1.0
906,5.0,5.0,5.0,1.0,1.0,1.0
907,5.0,5.0,5.0,1.0,1.0,1.0
908,5.0,5.0,5.0,1.0,1.0,1.0
909,5.0,5.0,5.0,1.0,1.0,1.0
910,15.0,15.0,5.0,1.0,3.0,0.3333333333333333
911,15.0,15.0,5.0,1.0,3.0,0.3333333333333333
912,15.0,15.0,5.0,1.0,3.0,0.3333333333333333
913,15.0,15.0,5.0,1.0,3.0,0.3333333333333333
914,15.0,15.0,5.0,1.0,3.0,0.3333333333333333
915,15.0,15.0,5.0,1.0,3.0,0.3333333333333333
916,15.0,15.0,5.0,1.0,3.0,0.3333333333333333
917,15.0,15.0,5.0,1.0,3.0,0.3333333333333333
918,15.0,15.0,5.0,1.0,3.0,0.3333333333333333
919,15.0,15.0,5.0,1.0,3.0,0.3333333333333333
920,25.0,25.0,5.0,1.0,5.0,0.2
921,25.0,25.0,5.0,1.0,5.0,0.2
922,25.0,25.0,5.0,1.0,5.0,0.2
923,25.0,25.0,5.0,1.0,5.0,0.2
924,25.0,25.0,5.0,1.0,5.0,0.2
925,25.0,25.0,5.0,1.0,5.0,0.2
926,25.0,25.0,5.0,1.0,5.0,0.2
927,25.0,25.0,5.0,1.0,5.0,0.2
928,25.0,25.0,5.0,1.0,5.0,0.2
929,25.0,25.0,5.0,1.0,5.0,0.2
930,35.0,35.0,5.0,1.0,7.0,0.14285714285714285
931,35.0,35.0,5.0,1.0,7.0,0.14285714285714285
932,35.0,35.0,5.0,1.0,7.0,0.14285714285714285
933,35.0,35.0,5.0,1.0,7.0,0.14285714285714285
934,35.0,35.0,5.0,1.0,7.0,0.14285714285714285
935,35.0,35.0,5.0,1.0,7.0,0.14285714285714285
936,35.0,35.0,5.0,1.0,7.0,0.14285714285714285
937,35.0,35.0,5.0,1.0,7.0,0.14285714285714285
938,35.0,35.0,5.0,1.0,7.0,0.14285714285714285
939,35.0,35.0,5.0,1.0,7.0,0.14285714285714285
940,2.0,45.0,5.0,0.044444444444444446,9.0,0.1111111111111111
941,45.0,45.0,5.0,1.0,9.0,0.1111111111111111
942,45.0,45.0,5.0,1.0,9.0,0.1111111111111111
943,1.0,45.0,5.0,0.022222222222222223,9.0,0.1111111111111111
944,1.0,45.0,5.0,0.022222222222222223,9.0,0.1111111111111111
945,45.0,45.0,5.0,1.0,9.0,0.1111111111111111
946,45.0,45.0,5.0,1.0,9.0,0.1111111111111111
947,45.0,45.0,5.0,1.0,9.0,0.1111111111111111
948,43.0,45.0,5.0,0.9555555555555556,9.0,0.1111111111111111
949,43.0,45.0,5.0,0.9555555555555556,9.0,0.1111111111111111
950,41.0,55.0,5.0,0.7454545454545455,11.0,0.09090909090909091
951,1.0,55.0,5.0,0.01818181818181818,11.0,0.09090909090909091
952,2.0,55.0,5.0,0.03636363636363636,11.0,0.09090909090909091
953,55.0,55.0,5.0,1.0,11.0,0.09090909090909091
954,3.0,55.0,5.0,0.05454545454545454,11.0,0.09090909090909091
955,2.0,55.0,5.0,0.03636363636363636,11.0,0.09090909090909091
956,1.0,55.0,5.0,0.01818181818181818,11.0,0.09090909090909091
957,9.0,55.0,5.0,0.16363636363636364,11.0,0.09090909090909091
958,29.0,55.0,5.0,0.5272727272727272,11.0,0.09090909090909091
959,55.0,55.0,5.0,1.0,11.0,0.09090909090909091
960,45.0,65.0,5.0,0.6923076923076923,13.0,0.07692307692307693
961,1.0,65.0,5.0,0.015384615384615385,13.0,0.07692307692307693
962,2.0,65.0,5.0,0.03076923076923077,13.0,0.07692307692307693
963,3.0,65.0,5.0,0.046153846153846156,13.0,0.07692307692307693
964,1.0,65.0,5.0,0.015384615384615385,13.0,0.07692307692307693
965,1.0,65.0,5.0,0.015384615384615385,13.0,0.07692307692307693
966,1.0,65.0,5.0,0.015384615384615385,13.0,0.07692307692307693
967,4.0,65.0,5.0,0.06153846153846154,13.0,0.07692307692307693
968,8.0,65.0,5.0,0.12307692307692308,13.0,0.07692307692307693
969,3.0,65.0,5.0,0.046153846153846156,13.0,0.07692307692307693
970,2.0,75.0,5.0,0.02666666666666667,15.0,0.06666666666666667
971,14.0,75.0,5.0,0.18666666666666668,15.0,0.06666666666666667
972,2.0,75.0,5.0,0.02666666666666667,15.0,0.06666666666666667
973,6.0,75.0,5.0,0.08,15.0,0.06666666666666667
974,8.0,75.0,5.0,0.10666666666666667,15.0,0.06666666666666667
975,4.0,75.0,5.0,0.05333333333333334,15.0,0.06666666666666667
976,5.0,75.0,5.0,0.06666666666666667,15.0,0.06666666666666667
977,70.0,75.0,5.0,0.9333333333333333,15.0,0.06666666666666667
978,1.0,75.0,5.0,0.013333333333333334,15.0,0.06666666666666667
979,2.0,75.0,5.0,0.02666666666666667,15.0,0.06666666666666667
980,12.0,85.0,5.0,0.1411764705882353,17.0,0.058823529411764705
981,1.0,85.0,5.0,0.011764705882352941,17.0,0.058823529411764705
982,1.0,85.0,5.0,0.011764705882352941,17.0,0.058823529411764705
983,1.0,85.0,5.0,0.011764705882352941,17.0,0.058823529411764705
984,2.0,85.0,5.0,0.023529411764705882,17.0,0.058823529411764705
985,2.0,85.0,5.0,0.023529411764705882,17.0,0.058823529411764705
986,1.0,85.0,5.0,0.011764705882352941,17.0,0.058823529411764705
987,1.0,85.0,5.0,0.011764705882352941,17.0,0.058823529411764705
988,1.0,85.0,5.0,0.011764705882352941,17.0,0.058823529411764705
989,1.0,85.0,5.0,0.011764705882352941,17.0,0.058823529411764705
990,1.0,100.0,5.0,0.01,20.0,0.05
991,6.0,100.0,5.0,0.06,20.0,0.05
992,1.0,100.0,5.0,0.01,20.0,0.05
993,2.0,100.0,5.0,0.02,20.0,0.05
994,3.0,100.0,5.0,0.03,20.0,0.05
995,3.0,100.0,5.0,0.03,20.0,0.05
996,1.0,100.0,5.0,0.01,20.0,0.05
997,2.0,100.0,5.0,0.02,20.0,0.05
998,1.0,100.0,5.0,0.01,20.0,0.05
999,1.0,100.0,5.0,0.01,20.0,0.05
1000,6.0,6.0,6.0,1.0,1.0,1.0
1001,6.0,6.0,6.0,1.0,1.0,1.0
1002,6.0,6.0,6.0,1.0,1.0,1.0
1003,6.0,6.0,6.0,1.0,1.0,1.0
1004,6.0,6.0,6.0,1.0,1.0,1.0
1005,6.0,6.0,6.0,1.0,1.0,1.0
1006,6.0,6.0,6.0,1.0,1.0,1.0
1007,6.0,6.0,6.0,1.0,1.0,1.0
1008,6.0,6.0,6.0,1.0,1.0,1.0
1009,6.0,6.0,6.0,1.0,1.0,1.0
1010,18.0,18.0,6.0,1.0,3.0,0.3333333333333333
1011,18.0,18.0,6.0,1.0,3.0,0.3333333333333333
1012,18.0,18.0,6.0,1.0,3.0,0.3333333333333333
1013,18.0,18.0,6.0,1.0,3.0,0.3333333333333333
1014,18.0,18.0,6.0,1.0,3.0,0.3333333333333333
1015,18.0,18.0,6.0,1.0,3.0,0.3333333333333333
1016,18.0,18.0,6.0,1.0,3.0,0.3333333333333333
1017,18.0,18.0,6.0,1.0,3.0,0.3333333333333333
1018,18.0,18.0,6.0,1.0,3.0,0.3333333333333333
1019,18.0,18.0,6.0,1.0,3.0,0.3333333333333333
1020,30.0,30.0,6.0,1.0,5.0,0.2
1021,30.0,30.0,6.0,1.0,5.0,0.2
1022,30.0,30.0,6.0,1.0,5.0,0.2
1023,30.0,30.0,6.0,1.0,5.0,0.2
1024,30.0,30.0,6.0,1.0,5.0,0.2
1025,30.0,30.0,6.0,1.0,5.0,0.2
1026,30.0,30.0,6.0,1.0,5.0,0.2
1027,30.0,30.0,6.0,1.0,5.0,0.2
1028,30.0,30.0,6.0,1.0,5.0,0.2
1029,30.0,30.0,6.0,1.0,5.0,0.2
1030,42.0,42.0,6.0,1.0,7.0,0.14285714285714285
1031,42.0,42.0,6.0,1.0,7.0,0.14285714285714285
1032,42.0,42.0,6.0,1.0,7.0,0.14285714285714285
1033,42.0,42.0,6.0,1.0,7.0,0.14285714285714285
1034,42.0,42.0,6.0,1.0,7.0,0.14285714285714285
1035,29.0,42.0,6.0,0.6904761904761905,7.0,0.14285714285714285
1036,42.0,42.0,6.0,1.0,7.0,0.14285714285714285
1037,42.0,42.0,6.0,1.0,7.0,0.14285714285714285
1038,42.0,42.0,6.0,1.0,7.0,0.14285714285714285
1039,1.0,42.0,6.0,0.023809523809523808,7.0,0.14285714285714285
1040,29.0,54.0,6.0,0.5370370370370371,9.0,0.1111111111111111
1041,7.0,54.0,6.0,0.12962962962962962,9.0,0.1111111111111111
1042,54.0,54.0,6.0,1.0,9.0,0.1111111111111111
1043,24.0,54.0,6.0,0.4444444444444444,9.0,0.1111111111111111
1044,50.0,54.0,6.0,0.9259259259259259,9.0,0.1111111111111111
1045,54.0,54.0,6.0,1.0,9.0,0.1111111111111111
1046,2.0,54.0,6.0,0.037037037037037035,9.0,0.1111111111111111
1047,54.0,54.0,6.0,1.0,9.0,0.1111111111111111
1048,1.0,54.0,6.0,0.018518518518518517,9.0,0.1111111111111111
1049,12.0,54.0,6.0,0.2222222222222222,9.0,0.1111111111111111
1050,3.0,66.0,6.0,0.045454545454545456,11.0,0.09090909090909091
1051,8.0,66.0,6.0,0.12121212121212122,11.0,0.09090909090909091
1052,3.0,66.0,6.0,0.045454545454545456,11.0,0.09090909090909091
1053,10.0,66.0,6.0,0.15151515151515152,11.0,0.09090909090909091
1054,66.0,66.0,6.0,1.0,11.0,0.09090909090909091
1055,2.0,66.0,6.0,0.030303030303030304,11.0,0.09090909090909091
1056,3.0,66.0,6.0,0.045454545454545456,11.0,0.09090909090909091
1057,66.0,66.0,6.0,1.0,11.0,0.09090909090909091
1058,43.0,66.0,6.0,0.6515151515151515,11.0,0.09090909090909091
1059,5.0,66.0,6.0,0.07575757575757576,11.0,0.09090909090909091
1060,3.0,78.0,6.0,0.038461538461538464,13.0,0.07692307692307693
1061,17.0,78.0,6.0,0.21794871794871795,13.0,0.07692307692307693
1062,17.0,78.0,6.0,0.21794871794871795,13.0,0.07692307692307693
1063,1.0,78.0,6.0,0.01282051282051282,13.0,0.07692307692307693
1064,1.0,78.0,6.0,0.01282051282051282,13.0,0.07692307692307693
1065,53.0,78.0,6.0,0.6794871794871795,13.0,0.07692307692307693
1066,1.0,78.0,6.0,0.01282051282051282,13.0,0.07692307692307693
1067,6.0,78.0,6.0,0.07692307692307693,13.0,0.07692307692307693
1068,1.0,78.0,6.0,0.01282051282051282,13.0,0.07692307692307693
1069,26.0,78.0,6.0,0.3333333333333333,13.0,0.07692307692307693
1070,9.0,90.0,6.0,0.1,15.0,0.06666666666666667
1071,66.0,90.0,6.0,0.7333333333333333,15.0,0.06666666666666667
1072,2.0,90.0,6.0,0.022222222222222223,15.0,0.06666666666666667
1073,19.0,90.0,6.0,0.2111111111111111,15.0,0.06666666666666667
1074,2.0,90.0,6.0,0.022222222222222223,15.0,0.06666666666666667
1075,2.0,90.0,6.0,0.022222222222222223,15.0,0.06666666666666667
1076,1.0,90.0,6.0,0.011111111111111112,15.0,0.06666666666666667
1077,1.0,90.0,6.0,0.011111111111111112,15.0,0.06666666666666667
1078,1.0,90.0,6.0,0.011111111111111112,15.0,0.06666666666666667
1079,1.0,90.0,6.0,0.011111111111111112,15.0,0.06666666666666667
1080,11.0,102.0,6.0,0.10784313725490197,17.0,0.058823529411764705
1081,10.0,102.0,6.0,0.09803921568627451,17.0,0.058823529411764705
1082,11.0,102.0,6.0,0.10784313725490197,17.0,0.058823529411764705
1083,16.0,102.0,6.0,0.1568627450980392,17.0,0.058823529411764705
1084,1.0,102.0,6.0,0.00980392156862745,17.0,0.058823529411764705
1085,1.0,102.0,6.0,0.00980392156862745,17.0,0.058823529411764705
1086,2.0,102.0,6.0,0.0196078431372549,17.0,0.058823529411764705
1087,1.0,102.0,6.0,0.00980392156862745,17.0,0.058823529411764705
1088,3.0,102.0,6.0,0.029411764705882353,17.0,0.058823529411764705
1089,2.0,102.0,6.0,0.0196078431372549,17.0,0.058823529411764705
1090,1.0,120.0,6.0,0.008333333333333333,20.0,0.05
1091,11.0,120.0,6.0,0.09166666666666666,20.0,0.05
1092,1.0,120.0,6.0,0.008333333333333333,20.0,0.05
1093,1.0,120.0,6.0,0.008333333333333333,20.0,0.05
1094,4.0,120.0,6.0,0.03333333333333333,20.0,0.05
1095,11.0,120.0,6.0,0.09166666666666666,20.0,0.05
1096,3.0,120.0,6.0,0.025,20.0,0.05
1097,5.0,120.0,6.0,0.041666666666666664,20.0,0.05
1098,1.0,120.0,6.0,0.008333333333333333,20.0,0.05
1099,1.0,120.0,6.0,0.008333333333333333,20.0,0.05
1100,7.0,7.0,7.0,1.0,1.0,1.0
1101,7.0,7.0,7.0,1.0,1.0,1.0
1102,7.0,7.0,7.0,1.0,1.0,1.0
1103,7.0,7.0,7.0,1.0,1.0,1.0
1104,7.0,7.0,7.0,1.0,1.0,1.0
1105,7.0,7.0,7.0,1.0,1.0,1.0
1106,7.0,7.0,7.0,1.0,1.0,1.0
1107,7.0,7.0,7.0,1.0,1.0,1.0
1108,7.0,7.0,7.0,1.0,1.0,1.0
1109,7.0,7.0,7.0,1.0,1.0,1.0
1110,21.0,21.0,7.0,1.0,3.0,0.3333333333333333
1111,21.0,21.0,7.0,1.0,3.0,0.3333333333333333
1112,21.0,21.0,7.0,1.0,3.0,0.3333333333333333
1113,21.0,21.0,7.0,1.0,3.0,0.3333333333333333
1114,21.0,21.0,7.0,1.0,3.0,0.3333333333333333
1115,21.0,21.0,7.0,1.0,3.0,0.3333333333333333
1116,21.0,21.0,7.0,1.0,3.0,0.3333333333333333
1117,21.0,21.0,7.0,1.0,3.0,0.3333333333333333
1118,21.0,21.0,7.0,1.0,3.0,0.3333333333333333
1119,21.0,21.0,7.0,1.0,3.0,0.3333333333333333
1120,35.0,35.0,7.0,1.0,5.0,0.2
1121,35.0,35.0,7.0,1.0,5.0,0.2
1122,35.0,35.0,7.0,1.0,5.0,0.2
1123,35.0,35.0,7.0,1.0,5.0,0.2
1124,35.0,35.0,7.0,1.0,5.0,0.2
1125,35.0,35.0,7.0,1.0,5.0,0.2
1126,35.0,35.0,7.0,1.0,5.0,0.2
1127,35.0,35.0,7.0,1.0,5.0,0.2
1128,35.0,35.0,7.0,1.0,5.0,0.2
1129,35.0,35.0,7.0,1.0,5.0,0.2
1130,49.0,49.0,7.0,1.0,7.0,0.14285714285714285
1131,4.0,49.0,7.0,0.08163265306122448,7.0,0.14285714285714285
1132,49.0,49.0,7.0,1.0,7.0,0.14285714285714285
1133,49.0,49.0,7.0,1.0,7.0,0.14285714285714285
1134,49.0,49.0,7.0,1.0,7.0,0.14285714285714285
1135,49.0,49.0,7.0,1.0,7.0,0.14285714285714285
1136,49.0,49.0,7.0,1.0,7.0,0.14285714285714285
1137,49.0,49.0,7.0,1.0,7.0,0.14285714285714285
1138,49.0,49.0,7.0,1.0,7.0,0.14285714285714285
1139,49.0,49.0,7.0,1.0,7.0,0.14285714285714285
1140,63.0,63.0,7.0,1.0,9.0,0.1111111111111111
1141,63.0,63.0,7.0,1.0,9.0,0.1111111111111111
1142,54.0,63.0,7.0,0.8571428571428571,9.0,0.1111111111111111
1143,14.0,63.0,7.0,0.2222222222222222,9.0,0.1111111111111111
1144,63.0,63.0,7.0,1.0,9.0,0.1111111111111111
1145,9.0,63.0,7.0,0.14285714285714285,9.0,0.1111111111111111
1146,63.0,63.0,7.0,1.0,9.0,0.1111111111111111
1147,63.0,63.0,7.0,1.0,9.0,0.1111111111111111
1148,3.0,63.0,7.0,0.047619047619047616,9.0,0.1111111111111111
1149,63.0,63.0,7.0,1.0,9.0,0.1111111111111111
1150,19.0,77.0,7.0,0.24675324675324675,11.0,0.09090909090909091
1151,5.0,77.0,7.0,0.06493506493506493,11.0,0.09090909090909091
1152,7.0,77.0,7.0,0.09090909090909091,11.0,0.09090909090909091
1153,76.0,77.0,7.0,0.987012987012987,11.0,0.09090909090909091
1154,3.0,77.0,7.0,0.03896103896103896,11.0,0.09090909090909091
1155,2.0,77.0,7.0,0.025974025974025976,11.0,0.09090909090909091
1156,77.0,77.0,7.0,1.0,11.0,0.09090909090909091
1157,3.0,77.0,7.0,0.03896103896103896,11.0,0.09090909090909091
1158,1.0,77.0,7.0,0.012987012987012988,11.0,0.09090909090909091
1159,77.0,77.0,7.0,1.0,11.0,0.09090909090909091
1160,2.0,91.0,7.0,0.02197802197802198,13.0,0.07692307692307693
1161,3.0,91.0,7.0,0.03296703296703297,13.0,0.07692307692307693
1162,3.0,91.0,7.0,0.03296703296703297,13.0,0.07692307692307693
1163,38.0,91.0,7.0,0.4175824175824176,13.0,0.07692307692307693
1164,79.0,91.0,7.0,0.8681318681318682,13.0,0.07692307692307693
1165,53.0,91.0,7.0,0.5824175824175825,13.0,0.07692307692307693
1166,3.0,91.0,7.0,0.03296703296703297,13.0,0.07692307692307693
1167,3.0,91.0,7.0,0.03296703296703297,13.0,0.07692307692307693
1168,6.0,91.0,7.0,0.06593406593406594,13.0,0.07692307692307693
1169,10.0,91.0,7.0,0.10989010989010989,13.0,0.07692307692307693
1170,21.0,105.0,7.0,0.2,15.0,0.06666666666666667
1171,6.0,105.0,7.0,0.05714285714285714,15.0,0.06666666666666667
1172,1.0,105.0,7.0,0.009523809523809525,15.0,0.06666666666666667
1173,5.0,105.0,7.0,0.047619047619047616,15.0,0.06666666666666667
1174,10.0,105.0,7.0,0.09523809523809523,15.0,0.06666666666666667
1175,10.0,105.0,7.0,0.09523809523809523,15.0,0.06666666666666667
1176,1.0,105.0,7.0,0.009523809523809525,15.0,0.06666666666666667
1177,2.0,105.0,7.0,0.01904761904761905,15.0,0.06666666666666667
1178,5.0,105.0,7.0,0.047619047619047616,15.0,0.06666666666666667
1179,6.0,105.0,7.0,0.05714285714285714,15.0,0.06666666666666667
1180,3.0,119.0,7.0,0.025210084033613446,17.0,0.058823529411764705
1181,3.0,119.0,7.0,0.025210084033613446,17.0,0.058823529411764705
1182,3.0,119.0,7.0,0.025210084033613446,17.0,0.058823529411764705
1183,3.0,119.0,7.0,0.025210084033613446,17.0,0.058823529411764705
1184,2.0,119.0,7.0,0.01680672268907563,17.0,0.058823529411764705
1185,3.0,119.0,7.0,0.025210084033613446,17.0,0.058823529411764705
1186,1.0,119.0,7.0,0.008403361344537815,17.0,0.058823529411764705
1187,1.0,119.0,7.0,0.008403361344537815,17.0,0.058823529411764705
1188,7.0,119.0,7.0,0.058823529411764705,17.0,0.058823529411764705
1189,4.0,119.0,7.0,0.03361344537815126,17.0,0.058823529411764705
1190,1.0,140.0,7.0,0.007142857142857143,20.0,0.05
1191,4.0,140.0,7.0,0.02857142857142857,20.0,0.05
1192,6.0,140.0,7.0,0.04285714285714286,20.0,0.05
1193,1.0,140.0,7.0,0.007142857142857143,20.0,0.05
1194,2.0,140.0,7.0,0.014285714285714285,20.0,0.05
1195,3.0,140.0,7.0,0.02142857142857143,20.0,0.05
1196,11.0,140.0,7.0,0.07857142857142857,20.0,0.05
1197,1.0,140.0,7.0,0.007142857142857143,20.0,0.05
1198,1.0,140.0,7.0,0.007142857142857143,20.0,0.05
1199,6.0,140.0,7.0,0.04285714285714286,20.0,0.05
1200,8.0,8.0,8.0,1.0,1.0,1.0
1201,8.0,8.0,8.0,1.0,1.0,1.0
1202,8.0,8.0,8.0,1.0,1.0,1.0
1203,8.0,8.0,8.0,1.0,1.0,1.0
1204,8.0,8.0,8.0,1.0,1.0,1.0
1205,8.0,8.0,8.0,1.0,1.0,1.0
1206,8.0,8.0,8.0,1.0,1.0,1.0
1207,8.0,8.0,8.0,1.0,1.0,1.0
1208,8.0,8.0,8.0,1.0,1.0,1.0
1209,8.0,8.0,8.0,1.0,1.0,1.0
1210,24.0,24.0,8.0,1.0,3.0,0.3333333333333333
1211,24.0,24.0,8.0,1.0,3.0,0.3333333333333333
1212,24.0,24.0,8.0,1.0,3.0,0.3333333333333333
1213,24.0,24.0,8.0,1.0,3.0,0.3333333333333333
1214,24.0,24.0,8.0,1.0,3.0,0.3333333333333333
1215,24.0,24.0,8.0,1.0,3.0,0.3333333333333333
1216,24.0,24.0,8.0,1.0,3.0,0.3333333333333333
1217,24.0,24.0,8.0,1.0,3.0,0.3333333333333333
1218,24.0,24.0,8.0,1.0,3.0,0.3333333333333333
1219,24.0,24.0,8.0,1.0,3.0,0.3333333333333333
1220,40.0,40.0,8.0,1.0,5.0,0.2
1221,40.0,40.0,8.0,1.0,5.0,0.2
1222,40.0,40.0,8.0,1.0,5.0,0.2
1223,40.0,40.0,8.0,1.0,5.0,0.2
1224,40.0,40.0,8.0,1.0,5.0,0.2
1225,40.0,40.0,8.0,1.0,5.0,0.2
1226,40.0,40.0,8.0,1.0,5.0,0.2
1227,40.0,40.0,8.0,1.0,5.0,0.2
1228,40.0,40.0,8.0,1.0,5.0,0.2
1229,40.0,40.0,8.0,1.0,5.0,0.2
1230,5.0,56.0,8.0,0.08928571428571429,7.0,0.14285714285714285
1231,56.0,56.0,8.0,1.0,7.0,0.14285714285714285
1232,56.0,56.0,8.0,1.0,7.0,0.14285714285714285
1233,56.0,56.0,8.0,1.0,7.0,0.14285714285714285
1234,56.0,56.0,8.0,1.0,7.0,0.14285714285714285
1235,56.0,56.0,8.0,1.0,7.0,0.14285714285714285
1236,52.0,56.0,8.0,0.9285714285714286,7.0,0.14285714285714285
1237,56.0,56.0,8.0,1.0,7.0,0.14285714285714285
1238,56.0,56.0,8.0,1.0,7.0,0.14285714285714285
1239,1.0,56.0,8.0,0.017857142857142856,7.0,0.14285714285714285
1240,15.0,72.0,8.0,0.20833333333333334,9.0,0.1111111111111111
1241,72.0,72.0,8.0,1.0,9.0,0.1111111111111111
1242,5.0,72.0,8.0,0.06944444444444445,9.0,0.1111111111111111
1243,2.0,72.0,8.0,0.027777777777777776,9.0,0.1111111111111111
1244,6.0,72.0,8.0,0.08333333333333333,9.0,0.1111111111111111
1245,36.0,72.0,8.0,0.5,9.0,0.1111111111111111
1246,6.0,72.0,8.0,0.08333333333333333,9.0,0.1111111111111111
1247,53.0,72.0,8.0,0.7361111111111112,9.0,0.1111111111111111
1248,61.0,72.0,8.0,0.8472222222222222,9.0,0.1111111111111111
1249,3.0,72.0,8.0,0.041666666666666664,9.0,0.1111111111111111
1250,35.0,88.0,8.0,0.3977272727272727,11.0,0.09090909090909091
1251,74.0,88.0,8.0,0.8409090909090909,11.0,0.09090909090909091
1252,8.0,88.0,8.0,0.09090909090909091,11.0,0.09090909090909091
1253,1.0,88.0,8.0,0.011363636363636364,11.0,0.09090909090909091
1254,78.0,88.0,8.0,0.8863636363636364,11.0,0.09090909090909091
1255,1.0,88.0,8.0,0.011363636363636364,11.0,0.09090909090909091
1256,76.0,88.0,8.0,0.8636363636363636,11.0,0.09090909090909091
1257,44.0,88.0,8.0,0.5,11.0,0.09090909090909091
1258,3.0,88.0,8.0,0.03409090909090909,11.0,0.09090909090909091
1259,6.0,88.0,8.0,0.06818181818181818,11.0,0.09090909090909091
1260,4.0,104.0,8.0,0.038461538461538464,13.0,0.07692307692307693
1261,9.0,104.0,8.0,0.08653846153846154,13.0,0.07692307692307693
1262,12.0,104.0,8.0,0.11538461538461539,13.0,0.07692307692307693
1263,4.0,104.0,8.0,0.038461538461538464,13.0,0.07692307692307693
1264,1.0,104.0,8.0,0.009615384615384616,13.0,0.07692307692307693
1265,1.0,104.0,8.0,0.009615384615384616,13.0,0.07692307692307693
1266,1.0,104.0,8.0,0.009615384615384616,13.0,0.07692307692307693
1267,8.0,104.0,8.0,0.07692307692307693,13.0,0.07692307692307693
1268,2.0,104.0,8.0,0.019230769230769232,13.0,0.07692307692307693
1269,2.0,104.0,8.0,0.019230769230769232,13.0,0.07692307692307693
1270,6.0,120.0,8.0,0.05,15.0,0.06666666666666667
1271,1.0,120.0,8.0,0.008333333333333333,15.0,0.06666666666666667
1272,1.0,120.0,8.0,0.008333333333333333,15.0,0.06666666666666667
1273,1.0,120.0,8.0,0.008333333333333333,15.0,0.06666666666666667
1274,9.0,120.0,8.0,0.075,15.0,0.06666666666666667
1275,1.0,120.0,8.0,0.008333333333333333,15.0,0.06666666666666667
1276,8.0,120.0,8.0,0.06666666666666667,15.0,0.06666666666666667
1277,18.0,120.0,8.0,0.15,15.0,0.06666666666666667
1278,1.0,120.0,8.0,0.008333333333333333,15.0,0.06666666666666667
1279,12.0,120.0,8.0,0.1,15.0,0.06666666666666667
1280,14.0,136.0,8.0,0.10294117647058823,17.0,0.058823529411764705
1281,6.0,136.0,8.0,0.04411764705882353,17.0,0.058823529411764705
1282,5.0,136.0,8.0,0.03676470588235294,17.0,0.058823529411764705
1283,5.0,136.0,8.0,0.03676470588235294,17.0,0.058823529411764705
1284,4.0,136.0,8.0,0.029411764705882353,17.0,0.058823529411764705
1285,11.0,136.0,8.0,0.08088235294117647,17.0,0.058823529411764705
1286,1.0,136.0,8.0,0.007352941176470588,17.0,0.058823529411764705
1287,2.0,136.0,8.0,0.014705882352941176,17.0,0.058823529411764705
1288,2.0,136.0,8.0,0.014705882352941176,17.0,0.058823529411764705
1289,4.0,136.0,8.0,0.029411764705882353,17.0,0.058823529411764705
1290,1.0,160.0,8.0,0.00625,20.0,0.05
1291,11.0,160.0,8.0,0.06875,20.0,0.05
1292,3.0,160.0,8.0,0.01875,20.0,0.05
1293,5.0,160.0,8.0,0.03125,20.0,0.05
1294,1.0,160.0,8.0,0.00625,20.0,0.05
1295,1.0,160.0,8.0,0.00625,20.0,0.05
1296,6.0,160.0,8.0,0.0375,20.0,0.05
1297,3.0,160.0,8.0,0.01875,20.0,0.05
1298,5.0,160.0,8.0,0.03125,20.0,0.05
1299,9.0,160.0,8.0,0.05625,20.0,0.05
1300,9.0,9.0,9.0,1.0,1.0,1.0
1301,9.0,9.0,9.0,1.0,1.0,1.0
1302,9.0,9.0,9.0,1.0,1.0,1.0
1303,9.0,9.0,9.0,1.0,1.0,1.0
1304,9.0,9.0,9.0,1.0,1.0,1.0
1305,9.0,9.0,9.0,1.0,1.0,1.0
1306,9.0,9.0,9.0,1.0,1.0,1.0
1307,9.0,9.0,9.0,1.0,1.0,1.0
1308,9.0,9.0,9.0,1.0,1.0,1.0
1309,9.0,9.0,9.0,1.0,1.0,1.0
1310,27.0,27.0,9.0,1.0,3.0,0.3333333333333333
1311,27.0,27.0,9.0,1.0,3.0,0.3333333333333333
1312,27.0,27.0,9.0,1.0,3.0,0.3333333333333333
1313,27.0,27.0,9.0,1.0,3.0,0.3333333333333333
1314,27.0,27.0,9.0,1.0,3.0,0.3333333333333333
1315,27.0,27.0,9.0,1.0,3.0,0.3333333333333333
1316,27.0,27.0,9.0,1.0,3.0,0.3333333333333333
1317,27.0,27.0,9.0,1.0,3.0,0.3333333333333333
1318,27.0,27.0,9.0,1.0,3.0,0.3333333333333333
1319,27.0,27.0,9.0,1.0,3.0,0.3333333333333333
1320,45.0,45.0,9.0,1.0,5.0,0.2
1321,45.0,45.0,9.0,1.0,5.0,0.2
1322,45.0,45.0,9.0,1.0,5.0,0.2
1323,45.0,45.0,9.0,1.0,5.0,0.2
1324,45.0,45.0,9.0,1.0,5.0,0.2
1325,45.0,45.0,9.0,1.0,5.0,0.2
1326,45.0,45.0,9.0,1.0,5.0,0.2
1327,45.0,45.0,9.0,1.0,5.0,0.2
1328,45.0,45.0,9.0,1.0,5.0,0.2
1329,45.0,45.0,9.0,1.0,5.0,0.2
1330,17.0,63.0,9.0,0.2698412698412698,7.0,0.14285714285714285
1331,57.0,63.0,9.0,0.9047619047619048,7.0,0.14285714285714285
1332,42.0,63.0,9.0,0.6666666666666666,7.0,0.14285714285714285
1333,4.0,63.0,9.0,0.06349206349206349,7.0,0.14285714285714285
1334,63.0,63.0,9.0,1.0,7.0,0.14285714285714285
1335,2.0,63.0,9.0,0.031746031746031744,7.0,0.14285714285714285
1336,63.0,63.0,9.0,1.0,7.0,0.14285714285714285
1337,63.0,63.0,9.0,1.0,7.0,0.14285714285714285
1338,63.0,63.0,9.0,1.0,7.0,0.14285714285714285
1339,3.0,63.0,9.0,0.047619047619047616,7.0,0.14285714285714285
1340,78.0,81.0,9.0,0.9629629629629629,9.0,0.1111111111111111
1341,6.0,81.0,9.0,0.07407407407407407,9.0,0.1111111111111111
1342,18.0,81.0,9.0,0.2222222222222222,9.0,0.1111111111111111
1343,53.0,81.0,9.0,0.654320987654321,9.0,0.1111111111111111
1344,18.0,81.0,9.0,0.2222222222222222,9.0,0.1111111111111111
1345,23.0,81.0,9.0,0.2839506172839506,9.0,0.1111111111111111
1346,2.0,81.0,9.0,0.024691358024691357,9.0,0.1111111111111111
1347,30.0,81.0,9.0,0.37037037037037035,9.0,0.1111111111111111
1348,9.0,81.0,9.0,0.1111111111111111,9.0,0.1111111111111111
1349,40.0,81.0,9.0,0.49382716049382713,9.0,0.1111111111111111
1350,4.0,99.0,9.0,0.04040404040404041,11.0,0.09090909090909091
1351,7.0,99.0,9.0,0.0707070707070707,11.0,0.09090909090909091
1352,2.0,99.0,9.0,0.020202020202020204,11.0,0.09090909090909091
1353,13.0,99.0,9.0,0.13131313131313133,11.0,0.09090909090909091
1354,1.0,99.0,9.0,0.010101010101010102,11.0,0.09090909090909091
1355,7.0,99.0,9.0,0.0707070707070707,11.0,0.09090909090909091
1356,12.0,99.0,9.0,0.12121212121212122,11.0,0.09090909090909091
1357,13.0,99.0,9.0,0.13131313131313133,11.0,0.09090909090909091
1358,23.0,99.0,9.0,0.23232323232323232,11.0,0.09090909090909091
1359,38.0,99.0,9.0,0.3838383838383838,11.0,0.09090909090909091
1360,1.0,117.0,9.0,0.008547008547008548,13.0,0.07692307692307693
1361,1.0,117.0,9.0,0.008547008547008548,13.0,0.07692307692307693
1362,1.0,117.0,9.0,0.008547008547008548,13.0,0.07692307692307693
1363,3.0,117.0,9.0,0.02564102564102564,13.0,0.07692307692307693
1364,32.0,117.0,9.0,0.27350427350427353,13.0,0.07692307692307693
1365,30.0,117.0,9.0,0.2564102564102564,13.0,0.07692307692307693
1366,5.0,117.0,9.0,0.042735042735042736,13.0,0.07692307692307693
1367,4.0,117.0,9.0,0.03418803418803419,13.0,0.07692307692307693
1368,15.0,117.0,9.0,0.1282051282051282,13.0,0.07692307692307693
1369,3.0,117.0,9.0,0.02564102564102564,13.0,0.07692307692307693
1370,1.0,135.0,9.0,0.007407407407407408,15.0,0.06666666666666667
1371,1.0,135.0,9.0,0.007407407407407408,15.0,0.06666666666666667
1372,10.0,135.0,9.0,0.07407407407407407,15.0,0.06666666666666667
1373,1.0,135.0,9.0,0.007407407407407408,15.0,0.06666666666666667
1374,12.0,135.0,9.0,0.08888888888888889,15.0,0.06666666666666667
1375,2.0,135.0,9.0,0.014814814814814815,15.0,0.06666666666666667
1376,2.0,135.0,9.0,0.014814814814814815,15.0,0.06666666666666667
1377,31.0,135.0,9.0,0.22962962962962963,15.0,0.06666666666666667
1378,1.0,135.0,9.0,0.007407407407407408,15.0,0.06666666666666667
1379,3.0,135.0,9.0,0.022222222222222223,15.0,0.06666666666666667
1380,3.0,153.0,9.0,0.0196078431372549,17.0,0.058823529411764705
1381,1.0,153.0,9.0,0.006535947712418301,17.0,0.058823529411764705
1382,16.0,153.0,9.0,0.10457516339869281,17.0,0.058823529411764705
1383,8.0,153.0,9.0,0.05228758169934641,17.0,0.058823529411764705
1384,1.0,153.0,9.0,0.006535947712418301,17.0,0.058823529411764705
1385,8.0,153.0,9.0,0.05228758169934641,17.0,0.058823529411764705
1386,3.0,153.0,9.0,0.0196078431372549,17.0,0.058823529411764705
1387,21.0,153.0,9.0,0.13725490196078433,17.0,0.058823529411764705
1388,6.0,153.0,9.0,0.0392156862745098,17.0,0.058823529411764705
1389,2.0,153.0,9.0,0.013071895424836602,17.0,0.058823529411764705
1390,3.0,180.0,9.0,0.016666666666666666,20.0,0.05
1391,5.0,180.0,9.0,0.027777777777777776,20.0,0.05
1392,2.0,180.0,9.0,0.011111111111111112,20.0,0.05
1393,14.0,180.0,9.0,0.07777777777777778,20.0,0.05
1394,2.0,180.0,9.0,0.011111111111111112,20.0,0.05
1395,1.0,180.0,9.0,0.005555555555555556,20.0,0.05
1396,1.0,180.0,9.0,0.005555555555555556,20.0,0.05
1397,1.0,180.0,9.0,0.005555555555555556,20.0,0.05
1398,4.0,180.0,9.0,0.022222222222222223,20.0,0.05
1399,2.0,180.0,9.0,0.011111111111111112,20.0,0.05
